,Country,Dystopia Residual,Economy (GDP per Capita),Family,Freedom,Generosity,Happiness Rank,Happiness Score,Health (Life Expectancy),Region,Trust (Government Corruption),Year
0,Switzerland,2.5173799999999997,1.3965100000000001,1.34951,0.66557,0.29678000000000004,1,7.587000000000001,0.9414299999999999,Western Europe,0.41978000000000004,2015
1,Iceland,2.70201,1.3023200000000001,1.4022299999999999,0.6287699999999999,0.4363,2,7.561,0.94784,Western Europe,0.14145,2015
2,Denmark,2.4920400000000003,1.32548,1.36058,0.6493800000000001,0.34139,3,7.527,0.87464,Western Europe,0.48357,2015
3,Norway,2.4653099999999997,1.459,1.33095,0.66973,0.34699,4,7.522,0.88521,Western Europe,0.36503,2015
4,Canada,2.4517599999999997,1.32629,1.32261,0.63297,0.45811,5,7.4270000000000005,0.9056299999999999,North America,0.32957,2015
5,Finland,2.61955,1.29025,1.31826,0.64169,0.23351,6,7.406000000000001,0.8891100000000001,Western Europe,0.41372,2015
6,Netherlands,2.4657,1.32944,1.28017,0.6157600000000001,0.4761,7,7.377999999999999,0.89284,Western Europe,0.31814000000000003,2015
7,Sweden,2.3711900000000004,1.33171,1.2890700000000002,0.6598,0.36262,8,7.364,0.9108700000000001,Western Europe,0.43843999999999994,2015
8,New Zealand,2.26425,1.2501799999999998,1.3196700000000001,0.6393800000000001,0.47501000000000004,9,7.2860000000000005,0.9083700000000001,Australia and New Zealand,0.42922,2015
9,Australia,2.26646,1.33358,1.30923,0.6512399999999999,0.43562,10,7.284,0.93156,Australia and New Zealand,0.35636999999999996,2015
10,Israel,3.08854,1.2285700000000002,1.22393,0.41318999999999995,0.33171999999999996,11,7.278,0.9138700000000001,Middle East and Northern Africa,0.07785,2015
11,Costa Rica,3.17728,0.95578,1.2378799999999999,0.63376,0.25497,12,7.226,0.8602700000000001,Latin America and Caribbean,0.10583,2015
12,Austria,2.5332,1.33723,1.29704,0.62433,0.33088,13,7.2,0.8904200000000001,Western Europe,0.18675999999999998,2015
13,Mexico,3.6021400000000003,1.02054,0.91451,0.48181,0.14074,14,7.187,0.8144399999999999,Latin America and Caribbean,0.21311999999999998,2015
14,United States,2.51011,1.3945100000000001,1.24711,0.54604,0.40105,15,7.119,0.86179,North America,0.1589,2015
15,Brazil,3.26001,0.98124,1.2328700000000001,0.49049,0.14574,16,6.983,0.69702,Latin America and Caribbean,0.17521,2015
16,Luxembourg,1.9696099999999999,1.5639100000000001,1.21963,0.61583,0.28034000000000003,17,6.946000000000001,0.91894,Western Europe,0.37798000000000004,2015
17,Ireland,1.9757,1.33596,1.36948,0.6177699999999999,0.45901000000000003,18,6.94,0.89533,Western Europe,0.28703,2015
18,Belgium,2.4148400000000003,1.30782,1.28566,0.5845,0.2225,19,6.937,0.8966700000000001,Western Europe,0.2254,2015
19,United Arab Emirates,2.24743,1.42727,1.12575,0.64157,0.26428,20,6.901,0.80925,Middle East and Northern Africa,0.38583,2015
20,United Kingdom,1.9699400000000002,1.26637,1.28548,0.59625,0.51912,21,6.867000000000001,0.90943,Western Europe,0.32066999999999996,2015
21,Oman,2.4748900000000003,1.36011,1.08182,0.63274,0.21541999999999997,22,6.853,0.76276,Middle East and Northern Africa,0.32524000000000003,2015
22,Venezuela,3.1913099999999996,1.04424,1.25596,0.42908,0.058410000000000004,23,6.81,0.7205199999999999,Latin America and Caribbean,0.11069000000000001,2015
23,Singapore,1.8850099999999999,1.52186,1.02,0.54252,0.31105,24,6.797999999999999,1.02525,Southeastern Asia,0.4921,2015
24,Panama,2.84848,1.0635299999999999,1.1985,0.5421,0.24434,25,6.7860000000000005,0.79661,Latin America and Caribbean,0.0927,2015
25,Germany,2.1156900000000003,1.32792,1.2993700000000001,0.6147699999999999,0.28214,26,6.75,0.89186,Western Europe,0.21843,2015
26,Chile,2.67585,1.10715,1.12447,0.44132,0.33363000000000004,27,6.67,0.85857,Latin America and Caribbean,0.12869,2015
27,Qatar,1.55674,1.69042,1.0786,0.6404,0.32573,28,6.611000000000001,0.79733,Middle East and Northern Africa,0.52208,2015
28,France,2.21126,1.27778,1.2603799999999998,0.55011,0.12332,29,6.575,0.9457899999999999,Western Europe,0.20646,2015
29,Argentina,2.8360000000000003,1.05351,1.24823,0.44974,0.11450999999999999,30,6.574,0.78723,Latin America and Caribbean,0.08484,2015
30,Czech Republic,2.67782,1.17898,1.20643,0.46363999999999994,0.10686,31,6.505,0.84483,Central and Eastern Europe,0.02652,2015
31,Uruguay,2.3214200000000003,1.06166,1.2089,0.6036199999999999,0.2324,32,6.485,0.8116,Latin America and Caribbean,0.24558000000000002,2015
32,Colombia,2.85737,0.91861,1.2401799999999998,0.53466,0.18400999999999998,33,6.477,0.69077,Latin America and Caribbean,0.0512,2015
33,Thailand,2.31945,0.9669,1.26504,0.5566399999999999,0.5763,34,6.455,0.7385,Southeastern Asia,0.031869999999999996,2015
34,Saudi Arabia,2.43872,1.39541,1.0839299999999998,0.31048000000000003,0.13706,35,6.4110000000000005,0.72025,Middle East and Northern Africa,0.32524000000000003,2015
35,Spain,2.12367,1.23011,1.31379,0.45951000000000003,0.18227000000000002,36,6.329,0.95562,Western Europe,0.06398,2015
36,Malta,1.6488,1.2074,1.30203,0.60365,0.51752,37,6.3020000000000005,0.88721,Western Europe,0.13585999999999998,2015
37,Taiwan,2.32323,1.29098,1.07617,0.3974,0.25376,38,6.297999999999999,0.8753,Eastern Asia,0.08129,2015
38,Kuwait,1.8763400000000001,1.5542200000000002,1.16594,0.55499,0.16228,39,6.295,0.72492,Middle East and Northern Africa,0.25609,2015
39,Suriname,2.79094,0.99534,0.972,0.5965699999999999,0.16990999999999998,40,6.269,0.6082,Latin America and Caribbean,0.13633,2015
40,Trinidad and Tobago,2.2688200000000003,1.21183,1.18354,0.55884,0.31844,41,6.167999999999999,0.61483,Latin America and Caribbean,0.0114,2015
41,El Salvador,3.035,0.76454,1.0250700000000001,0.4035,0.10692,42,6.13,0.67737,Latin America and Caribbean,0.11775999999999999,2015
42,Guatemala,2.74255,0.74553,1.04356,0.57733,0.27489,43,6.122999999999999,0.64425,Latin America and Caribbean,0.09472,2015
43,Uzbekistan,2.2374099999999997,0.63244,1.34043,0.6582100000000001,0.22837,44,6.002999999999999,0.59772,Central and Eastern Europe,0.30826,2015
44,Slovakia,2.2463900000000003,1.1689100000000001,1.26999,0.31751,0.16893,45,5.995,0.7890199999999999,Central and Eastern Europe,0.03431,2015
45,Japan,1.68435,1.27074,1.25712,0.49615,0.10705,46,5.987,0.99111,Eastern Asia,0.1806,2015
46,South Korea,2.21978,1.24461,0.9577399999999999,0.33208000000000004,0.18557,47,5.984,0.9653799999999999,Eastern Asia,0.07857,2015
47,Ecuador,2.5394200000000002,0.8640200000000001,0.99903,0.48573999999999995,0.11540999999999998,48,5.975,0.79075,Latin America and Caribbean,0.1809,2015
48,Bahrain,1.73797,1.32376,1.21624,0.45492,0.17362,49,5.96,0.74716,Middle East and Northern Africa,0.306,2015
49,Italy,2.0251799999999998,1.25114,1.19777,0.26236,0.22823000000000002,50,5.9479999999999995,0.9544600000000001,Western Europe,0.02901,2015
50,Bolivia,2.82334,0.68133,0.97841,0.57414,0.20536,51,5.89,0.5392,Latin America and Caribbean,0.08800000000000001,2015
51,Moldova,3.10712,0.59448,1.01528,0.32818,0.20951,52,5.888999999999999,0.61826,Central and Eastern Europe,0.01615,2015
52,Paraguay,2.18896,0.75985,1.30477,0.53899,0.3424,53,5.877999999999999,0.66098,Latin America and Caribbean,0.08242000000000001,2015
53,Kazakhstan,2.24729,1.1225399999999999,1.1224100000000001,0.51649,0.11827,54,5.855,0.64368,Central and Eastern Europe,0.08454,2015
54,Slovenia,1.6158299999999999,1.18498,1.27385,0.60855,0.25328,55,5.848,0.8733700000000001,Central and Eastern Europe,0.03787,2015
55,Lithuania,2.4464900000000003,1.14723,1.25745,0.21341999999999997,0.026410000000000003,56,5.832999999999999,0.73128,Central and Eastern Europe,0.01031,2015
56,Nicaragua,2.32407,0.59325,1.14184,0.55475,0.27815,57,5.827999999999999,0.7431399999999999,Latin America and Caribbean,0.19317,2015
57,Peru,2.5945,0.9001899999999999,0.97459,0.41496000000000005,0.14982,58,5.824,0.73017,Latin America and Caribbean,0.05989,2015
58,Belarus,2.1309,1.0319200000000002,1.23289,0.37938,0.11045999999999999,59,5.813,0.7360800000000001,Central and Eastern Europe,0.1909,2015
59,Poland,1.86565,1.12555,1.27948,0.53122,0.16759000000000002,60,5.791,0.77903,Central and Eastern Europe,0.04212,2015
60,Malaysia,1.8854099999999998,1.12486,1.07023,0.5302399999999999,0.33075,61,5.77,0.7239399999999999,Southeastern Asia,0.10500999999999999,2015
61,Croatia,2.75414,1.08254,0.79624,0.25883,0.054439999999999995,62,5.7589999999999995,0.78805,Central and Eastern Europe,0.0243,2015
62,Libya,2.0906599999999997,1.13145,1.1186200000000002,0.41668,0.18295,63,5.754,0.7038,Middle East and Northern Africa,0.11023,2015
63,Russia,2.27394,1.13764,1.23617,0.36679,0.00199,64,5.716,0.6692600000000001,Central and Eastern Europe,0.03005,2015
64,Jamaica,2.32038,0.81038,1.1510200000000002,0.50442,0.2123,65,5.709,0.6874100000000001,Latin America and Caribbean,0.02299,2015
65,North Cyprus,1.5988799999999999,1.2080600000000001,1.07008,0.49027,0.26169000000000003,66,5.695,0.92356,Western Europe,0.1428,2015
66,Cyprus,1.8893099999999998,1.20813,0.89318,0.40671999999999997,0.30638000000000004,67,5.689,0.92356,Western Europe,0.06146,2015
67,Algeria,2.43209,0.93929,1.07772,0.28579,0.07822,68,5.605,0.61766,Middle East and Northern Africa,0.17382999999999998,2015
68,Kosovo,2.76579,0.80148,0.81198,0.24749000000000002,0.2831,69,5.5889999999999995,0.63132,Central and Eastern Europe,0.04741,2015
69,Turkmenistan,1.8698400000000002,0.95847,1.22668,0.4761,0.16979,70,5.547999999999999,0.53886,Central and Eastern Europe,0.30844,2015
70,Mauritius,1.76145,1.0076100000000001,0.98521,0.56066,0.37744,71,5.477,0.7095,Sub-Saharan Africa,0.07521,2015
71,Hong Kong,0.6542899999999999,1.38604,1.05818,0.59608,0.39478,72,5.474,1.01328,Eastern Asia,0.37124,2015
72,Estonia,1.58782,1.15174,1.22791,0.44888,0.0868,73,5.428999999999999,0.77361,Central and Eastern Europe,0.15184,2015
73,Indonesia,1.86399,0.8282700000000001,1.0870799999999998,0.46611,0.51535,74,5.399,0.63793,Southeastern Asia,0.0,2015
74,Vietnam,2.20173,0.63216,0.9122600000000001,0.59444,0.1686,75,5.36,0.7467600000000001,Southeastern Asia,0.10440999999999999,2015
75,Turkey,2.08528,1.06098,0.94632,0.22815,0.12253,76,5.332000000000001,0.73172,Middle East and Northern Africa,0.15746,2015
76,Kyrgyzstan,2.2327,0.47428000000000003,1.15115,0.43477,0.3003,77,5.2860000000000005,0.65088,Central and Eastern Europe,0.042319999999999997,2015
77,Nigeria,2.89319,0.65435,0.9043200000000001,0.34334000000000003,0.27233,78,5.268,0.16007000000000002,Sub-Saharan Africa,0.0403,2015
78,Bhutan,1.63794,0.77042,1.10395,0.5320600000000001,0.47998,79,5.252999999999999,0.57407,Southern Asia,0.15445,2015
79,Azerbaijan,2.00073,1.02389,0.9379299999999999,0.3703,0.07799,80,5.212000000000001,0.64045,Central and Eastern Europe,0.16065,2015
80,Pakistan,3.1070900000000004,0.59543,0.41411000000000003,0.12102,0.33671,81,5.194,0.51466,Southern Asia,0.10464000000000001,2015
81,Jordan,1.8799599999999999,0.9019799999999999,1.05392,0.40660999999999997,0.11052999999999999,82,5.192,0.69639,Middle East and Northern Africa,0.14293,2015
82,Montenegro,2.10017,0.9743799999999999,0.9055700000000001,0.1826,0.1614,82,5.192,0.72521,Central and Eastern Europe,0.14296,2015
83,China,1.8604,0.89012,0.94675,0.5169699999999999,0.08185,84,5.14,0.81658,Eastern Asia,0.02781,2015
84,Zambia,2.6343,0.47038,0.91612,0.48827,0.19591,85,5.129,0.29924,Sub-Saharan Africa,0.12468,2015
85,Romania,1.9312900000000002,1.04345,0.8858799999999999,0.35068,0.13748,86,5.124,0.7689,Central and Eastern Europe,0.006490000000000001,2015
86,Serbia,2.025,0.92053,1.0096399999999999,0.20107,0.19230999999999998,87,5.122999999999999,0.74836,Central and Eastern Europe,0.02617,2015
87,Portugal,1.26462,1.15991,1.13935,0.51469,0.13719,88,5.102,0.8751899999999999,Western Europe,0.01078,2015
88,Latvia,1.62215,1.11312,1.09562,0.29671,0.18225999999999998,89,5.098,0.72437,Central and Eastern Europe,0.06332,2015
89,Philippines,1.7536,0.70532,1.03516,0.62545,0.24991,90,5.073,0.58114,Southeastern Asia,0.12279000000000001,2015
90,Somaliland region,2.11032,0.18847,0.95152,0.46581999999999996,0.5031800000000001,91,5.0569999999999995,0.43873,Sub-Saharan Africa,0.39928,2015
91,Morocco,2.4537299999999997,0.7347899999999999,0.64095,0.41691000000000006,0.07172,92,5.013,0.60954,Middle East and Northern Africa,0.08546000000000001,2015
92,Macedonia,1.7393299999999998,0.91851,1.00232,0.33457,0.22359,93,5.007,0.73545,Central and Eastern Europe,0.053270000000000005,2015
93,Mozambique,3.05137,0.08308,1.02626,0.34037,0.22269,94,4.971,0.09131,Sub-Saharan Africa,0.15603,2015
94,Albania,1.89894,0.8786700000000001,0.8043399999999999,0.35733000000000004,0.14272,95,4.959,0.81325,Central and Eastern Europe,0.06412999999999999,2015
95,Bosnia and Herzegovina,2.06367,0.8322299999999999,0.9191600000000001,0.09245,0.24808000000000002,96,4.949,0.79081,Central and Eastern Europe,0.00227,2015
96,Lesotho,2.79832,0.37545,1.04103,0.31767,0.16388,97,4.898,0.07612000000000001,Sub-Saharan Africa,0.12504,2015
97,Dominican Republic,1.21305,0.8953700000000001,1.17202,0.57672,0.21684,98,4.885,0.66825,Latin America and Caribbean,0.14234000000000002,2015
98,Laos,1.7379900000000001,0.5906600000000001,0.73803,0.59591,0.42191999999999996,99,4.876,0.54909,Southeastern Asia,0.24249,2015
99,Mongolia,1.34759,0.82819,1.3006,0.43626000000000004,0.3323,100,4.874,0.60268,Eastern Asia,0.026660000000000003,2015
100,Swaziland,2.48676,0.71206,1.07284,0.30658,0.18259,101,4.867,0.07566,Sub-Saharan Africa,0.0306,2015
101,Greece,1.8010099999999998,1.15406,0.9293299999999999,0.07699,0.0,102,4.857,0.88213,Western Europe,0.013969999999999998,2015
102,Lebanon,1.57059,1.0256399999999999,0.80001,0.33916,0.21854,103,4.8389999999999995,0.83947,Middle East and Northern Africa,0.04582,2015
103,Hungary,1.24074,1.12094,1.20215,0.32111999999999996,0.128,104,4.8,0.75905,Central and Eastern Europe,0.02758,2015
104,Honduras,1.84408,0.59532,0.9534799999999999,0.40148,0.23026999999999997,105,4.788,0.6951,Latin America and Caribbean,0.06825,2015
105,Tajikistan,2.1139900000000003,0.39047,0.8556299999999999,0.47216,0.22974,106,4.7860000000000005,0.5737899999999999,Central and Eastern Europe,0.15072,2015
106,Tunisia,2.12466,0.88113,0.60429,0.26268,0.06431,107,4.739,0.73793,Middle East and Northern Africa,0.06358,2015
107,Palestinian Territories,2.0438400000000003,0.59867,0.92558,0.24499,0.11250999999999999,108,4.715,0.66015,Middle East and Northern Africa,0.12905,2015
108,Bangladesh,2.51767,0.39753,0.43106000000000005,0.4082,0.21222,109,4.694,0.60164,Southern Asia,0.12569,2015
109,Iran,1.6944,1.0088,0.54447,0.30033000000000004,0.38086,110,4.686,0.69805,Middle East and Northern Africa,0.058629999999999995,2015
110,Ukraine,1.5714,0.79907,1.20278,0.25123,0.15275,111,4.681,0.6739,Central and Eastern Europe,0.02961,2015
111,Iraq,1.95335,0.98549,0.81889,0.0,0.17922000000000002,112,4.677,0.60237,Middle East and Northern Africa,0.13788,2015
112,South Africa,1.7195599999999998,0.9204899999999999,1.18468,0.33207,0.11972999999999999,113,4.6419999999999995,0.27688,Sub-Saharan Africa,0.08884,2015
113,Ghana,2.30919,0.5455800000000001,0.6795399999999999,0.42341999999999996,0.23087,114,4.633,0.40131999999999995,Sub-Saharan Africa,0.04355,2015
114,Zimbabwe,2.44191,0.271,1.0327600000000001,0.25861,0.18987,115,4.61,0.33475,Sub-Saharan Africa,0.08079,2015
115,Liberia,2.7772900000000003,0.0712,0.78968,0.28531,0.24361999999999998,116,4.571000000000001,0.34201,Sub-Saharan Africa,0.06232000000000001,2015
116,India,2.27513,0.64499,0.38174,0.39786,0.26475,117,4.565,0.5152899999999999,Southern Asia,0.08492000000000001,2015
117,Sudan,2.20857,0.52107,1.01404,0.10081,0.19062,118,4.55,0.36878,Sub-Saharan Africa,0.1466,2015
118,Haiti,2.24173,0.26673,0.74302,0.24425,0.46187,119,4.518,0.38847,Latin America and Caribbean,0.17175,2015
119,Congo (Kinshasa),2.86712,0.0,1.0012,0.22605,0.24834,120,4.5169999999999995,0.09806000000000001,Sub-Saharan Africa,0.07625,2015
120,Nepal,1.9563700000000002,0.35996999999999996,0.86449,0.38282,0.32295999999999997,121,4.513999999999999,0.5687399999999999,Southern Asia,0.059070000000000004,2015
121,Ethiopia,2.44876,0.19072999999999998,0.60406,0.4345,0.24325,122,4.512,0.44055,Sub-Saharan Africa,0.15048,2015
122,Sierra Leone,2.51009,0.33024000000000003,0.9557100000000001,0.4084,0.21488000000000002,123,4.507,0.0,Sub-Saharan Africa,0.08786000000000001,2015
123,Mauritania,2.11773,0.45407,0.86908,0.24231999999999998,0.21899999999999997,124,4.436,0.35874,Sub-Saharan Africa,0.17461,2015
124,Kenya,1.78555,0.36471,0.99876,0.42215,0.37542,125,4.419,0.41435,Sub-Saharan Africa,0.05839,2015
125,Djibouti,2.05125,0.44025,0.59207,0.46074,0.18093,126,4.369,0.36291,Sub-Saharan Africa,0.28105,2015
126,Armenia,1.75873,0.7682100000000001,0.7771100000000001,0.19847,0.07855,127,4.35,0.7299,Central and Eastern Europe,0.039,2015
127,Botswana,1.46181,0.99355,1.10464,0.49495,0.10461,128,4.332,0.047760000000000004,Sub-Saharan Africa,0.12474,2015
128,Myanmar,1.41805,0.27108000000000004,0.70905,0.44017,0.79588,129,4.3069999999999995,0.48246000000000006,Southeastern Asia,0.19034,2015
129,Georgia,1.59541,0.7419,0.38561999999999996,0.40576999999999996,0.055470000000000005,130,4.297,0.72926,Central and Eastern Europe,0.38331,2015
130,Malawi,2.8079099999999997,0.016040000000000002,0.41134,0.43054,0.33128,131,4.292,0.22562,Sub-Saharan Africa,0.06977,2015
131,Sri Lanka,0.67108,0.83524,1.01905,0.5372600000000001,0.40828000000000003,132,4.271,0.70806,Southern Asia,0.09179,2015
132,Cameroon,1.95071,0.4225,0.8876700000000001,0.49309,0.20618000000000003,133,4.252,0.23401999999999998,Sub-Saharan Africa,0.05786,2015
133,Bulgaria,0.89991,1.01216,1.10614,0.30587,0.11921,134,4.218,0.76649,Central and Eastern Europe,0.00872,2015
134,Egypt,1.59927,0.8818,0.747,0.17288,0.11291,135,4.194,0.61712,Middle East and Northern Africa,0.06324,2015
135,Yemen,1.92313,0.5464899999999999,0.68093,0.35570999999999997,0.09131,136,4.077,0.40064,Middle East and Northern Africa,0.07854,2015
136,Angola,1.9493900000000002,0.75778,0.8604,0.10384000000000002,0.12344000000000001,137,4.033,0.16683,Sub-Saharan Africa,0.07122,2015
137,Mali,1.79293,0.26074,1.03526,0.38856999999999997,0.18798,138,3.995,0.20583,Sub-Saharan Africa,0.12352,2015
138,Congo (Brazzaville),1.68135,0.67866,0.6629,0.41466000000000003,0.12387999999999999,139,3.989,0.31051,Sub-Saharan Africa,0.11685999999999999,2015
139,Comoros,1.95812,0.23906,0.79273,0.22916999999999998,0.17440999999999998,140,3.9560000000000004,0.36315,Sub-Saharan Africa,0.19899999999999998,2015
140,Uganda,1.42766,0.21101999999999999,1.13299,0.45726999999999995,0.29066,141,3.931,0.33860999999999997,Sub-Saharan Africa,0.07267,2015
141,Senegal,1.44395,0.36498,0.97619,0.36772,0.20843000000000003,142,3.904,0.4354,Sub-Saharan Africa,0.10712999999999999,2015
142,Gabon,0.99895,1.06024,0.90528,0.31914000000000003,0.06822,143,3.8960000000000004,0.43372,Sub-Saharan Africa,0.11091,2015
143,Niger,1.87877,0.0694,0.77265,0.47691999999999996,0.19387000000000001,144,3.845,0.29707,Sub-Saharan Africa,0.15639,2015
144,Cambodia,0.98195,0.46038,0.62736,0.66246,0.40359,145,3.819,0.61114,Southeastern Asia,0.07247,2015
145,Tanzania,1.38079,0.2852,1.00268,0.32878,0.34376999999999996,146,3.781,0.38215,Sub-Saharan Africa,0.05747000000000001,2015
146,Madagascar,1.851,0.20824,0.66801,0.19184,0.21333000000000002,147,3.681,0.46721,Sub-Saharan Africa,0.08123999999999999,2015
147,Central African Republic,2.7223,0.0785,0.0,0.48878999999999995,0.23835,148,3.678,0.06699,Sub-Saharan Africa,0.08288999999999999,2015
148,Chad,1.9429599999999998,0.34193,0.76062,0.23501,0.18386,149,3.667,0.1501,Sub-Saharan Africa,0.05269,2015
149,Guinea,1.9917200000000002,0.17417,0.46475,0.37725,0.28657,150,3.656,0.24009,Sub-Saharan Africa,0.12139000000000001,2015
150,Ivory Coast,1.41723,0.46534,0.77115,0.46866,0.20165,151,3.655,0.15185,Sub-Saharan Africa,0.17922000000000002,2015
151,Burkina Faso,1.46494,0.25811999999999996,0.85188,0.39493,0.21746999999999997,152,3.5869999999999997,0.27125,Sub-Saharan Africa,0.12832000000000002,2015
152,Afghanistan,1.9521,0.31982,0.30285,0.23414000000000001,0.3651,153,3.575,0.30335,Southern Asia,0.09719,2015
153,Rwanda,0.67042,0.22208000000000003,0.7737,0.59201,0.22628,154,3.465,0.42863999999999997,Sub-Saharan Africa,0.55191,2015
154,Benin,1.6332799999999998,0.28665,0.35386,0.4845,0.1826,155,3.34,0.3191,Sub-Saharan Africa,0.0801,2015
155,Syria,0.32858000000000004,0.6632,0.47489,0.15684,0.47179,156,3.0060000000000002,0.7219300000000001,Middle East and Northern Africa,0.18905999999999998,2015
156,Burundi,1.83302,0.0153,0.41586999999999996,0.1185,0.19727,157,2.905,0.22396,Sub-Saharan Africa,0.10062,2015
157,Togo,1.56726,0.20868,0.13995,0.36453,0.16680999999999999,158,2.839,0.28443,Sub-Saharan Africa,0.10730999999999999,2015
0,Denmark,2.73939,1.4417799999999998,1.16374,0.5794100000000001,0.36171,1,7.526,0.79504,Western Europe,0.44453000000000004,2016
1,Switzerland,2.69463,1.5273299999999999,1.14524,0.58557,0.28083,2,7.5089999999999995,0.86303,Western Europe,0.41203,2016
2,Iceland,2.83137,1.42666,1.18326,0.56624,0.47678000000000004,3,7.501,0.8673299999999999,Western Europe,0.14975,2016
3,Norway,2.66465,1.57744,1.1269,0.59609,0.37895,4,7.497999999999999,0.79579,Western Europe,0.35775999999999997,2016
4,Finland,2.82596,1.40598,1.1346399999999999,0.57104,0.25492,5,7.412999999999999,0.81091,Western Europe,0.41003999999999996,2016
5,Canada,2.70485,1.44015,1.0961,0.5737,0.44833999999999996,6,7.404,0.8276,North America,0.31329,2016
6,Netherlands,2.70749,1.46468,1.02912,0.55211,0.47416,7,7.3389999999999995,0.8123100000000001,Western Europe,0.29927,2016
7,New Zealand,2.47553,1.36066,1.17278,0.5814699999999999,0.49401000000000006,8,7.334,0.83096,Australia and New Zealand,0.41903999999999997,2016
8,Australia,2.5465,1.4444299999999999,1.10476,0.5683699999999999,0.47407,9,7.313,0.8512,Australia and New Zealand,0.32331,2016
9,Sweden,2.54734,1.45181,1.08764,0.58218,0.38254,10,7.291,0.83121,Western Europe,0.40867,2016
10,Israel,3.31029,1.33766,0.9953700000000001,0.36432,0.32288,11,7.267,0.8491700000000001,Middle East and Northern Africa,0.08728,2016
11,Austria,2.6934299999999998,1.45038,1.0838299999999998,0.54355,0.32865,12,7.119,0.80565,Western Europe,0.21348000000000003,2016
12,United States,2.72782,1.50796,1.04782,0.48163,0.41076999999999997,13,7.104,0.779,North America,0.14868,2016
13,Costa Rica,3.3516800000000004,1.06879,1.02152,0.55225,0.22553,14,7.087000000000001,0.76146,Latin America and Caribbean,0.10547000000000001,2016
14,Puerto Rico,3.0076,1.35943,1.08113,0.46823000000000004,0.22202,15,7.039,0.77758,Latin America and Caribbean,0.12275,2016
15,Germany,2.5093099999999997,1.44787,1.09774,0.53466,0.30451999999999996,16,6.994,0.81487,Western Europe,0.28551,2016
16,Brazil,3.5073300000000005,1.08754,1.03938,0.40425,0.15775999999999998,17,6.952000000000001,0.61415,Latin America and Caribbean,0.14165999999999998,2016
17,Belgium,2.61355,1.42539,1.05249,0.51354,0.2424,18,6.928999999999999,0.8195899999999999,Western Europe,0.26248,2016
18,Ireland,2.15988,1.4834100000000001,1.16157,0.54008,0.44963000000000003,19,6.907,0.81455,Western Europe,0.29754,2016
19,Luxembourg,2.11055,1.6975200000000001,1.03999,0.5487,0.27571,20,6.871,0.8454200000000001,Western Europe,0.35329,2016
20,Mexico,3.5590599999999997,1.1150799999999998,0.7146,0.37709000000000004,0.11735,21,6.778,0.71143,Latin America and Caribbean,0.18355,2016
21,Singapore,1.99375,1.64555,0.8675799999999999,0.4877,0.32706,22,6.739,0.94719,Southeastern Asia,0.46986999999999995,2016
22,United Kingdom,2.1499900000000003,1.40283,1.0867200000000001,0.50036,0.50156,23,6.725,0.80991,Western Europe,0.27399,2016
23,Chile,2.95505,1.2167,0.9058700000000001,0.37789,0.31595,24,6.705,0.8188300000000001,Latin America and Caribbean,0.11450999999999999,2016
24,Panama,3.00559,1.18306,0.9891200000000001,0.48927,0.2418,25,6.7010000000000005,0.70835,Latin America and Caribbean,0.08423,2016
25,Argentina,3.12985,1.15137,1.0661200000000002,0.42283999999999994,0.10989000000000002,26,6.65,0.69711,Latin America and Caribbean,0.07296,2016
26,Czech Republic,2.96211,1.30915,1.00793,0.41418,0.09929,27,6.596,0.76376,Central and Eastern Europe,0.03986,2016
27,United Arab Emirates,2.21507,1.57352,0.8711399999999999,0.56215,0.26591,28,6.5729999999999995,0.72993,Middle East and Northern Africa,0.35561,2016
28,Uruguay,2.67139,1.18157,1.0314299999999998,0.54388,0.18056,29,6.545,0.72183,Latin America and Caribbean,0.21394000000000002,2016
29,Malta,1.99032,1.30782,1.09879,0.54994,0.56237,30,6.4879999999999995,0.80315,Western Europe,0.17554,2016
30,Colombia,3.1747099999999997,1.0303200000000001,1.02169,0.44735,0.15625999999999998,31,6.481,0.59659,Latin America and Caribbean,0.053989999999999996,2016
31,France,2.4744,1.39488,1.00508,0.46562,0.1216,32,6.478,0.83795,Western Europe,0.17808,2016
32,Thailand,2.5796,1.0893,1.04477,0.49553,0.58696,33,6.474,0.64915,Southeastern Asia,0.02833,2016
33,Saudi Arabia,2.61482,1.48953,0.84829,0.37904,0.15457,34,6.379,0.59267,Middle East and Northern Africa,0.30008,2016
34,Taiwan,2.61523,1.39729,0.92624,0.32377,0.25495,34,6.379,0.79565,Eastern Asia,0.0663,2016
35,Qatar,1.5822399999999999,1.82427,0.87964,0.56679,0.32388,36,6.375,0.71723,Middle East and Northern Africa,0.48049,2016
36,Spain,2.39663,1.34253,1.12945,0.37545,0.17665,37,6.361000000000001,0.8789600000000001,Western Europe,0.06137000000000001,2016
37,Algeria,3.40904,1.05266,0.83309,0.21006,0.07044,38,6.355,0.6180399999999999,Middle East and Northern Africa,0.16157,2016
38,Guatemala,3.19863,0.83454,0.8711899999999999,0.50379,0.28808,39,6.324,0.5403899999999999,Latin America and Caribbean,0.08701,2016
39,Suriname,3.06852,1.09686,0.77866,0.5223399999999999,0.16665,40,6.269,0.5093300000000001,Latin America and Caribbean,0.12692,2016
40,Kuwait,2.28085,1.61714,0.8775799999999999,0.43166000000000004,0.15965,41,6.239,0.63569,Middle East and Northern Africa,0.23669,2016
41,Bahrain,2.27405,1.44024,0.9439700000000001,0.47375,0.17147,42,6.218,0.65696,Middle East and Northern Africa,0.25772,2016
42,Trinidad and Tobago,2.5139400000000003,1.32572,0.98569,0.48453,0.31935,43,6.167999999999999,0.52608,Latin America and Caribbean,0.01241,2016
43,Venezuela,2.9746799999999998,1.1336700000000002,1.03302,0.19847,0.0425,44,6.084,0.6190399999999999,Latin America and Caribbean,0.08304,2016
44,Slovakia,2.61065,1.27973,1.0826799999999999,0.23390999999999998,0.13837,45,6.077999999999999,0.70367,Central and Eastern Europe,0.02947,2016
45,El Salvador,3.22134,0.8737,0.80975,0.37269,0.08877,46,6.068,0.596,Latin America and Caribbean,0.10613,2016
46,Malaysia,2.35384,1.25142,0.88025,0.39031,0.41473999999999994,47,6.005,0.62366,Southeastern Asia,0.09081,2016
47,Nicaragua,2.82428,0.69384,0.8952100000000001,0.46581999999999996,0.29773,48,5.992000000000001,0.65213,Latin America and Caribbean,0.16292,2016
48,Uzbekistan,2.34638,0.7359100000000001,1.1681,0.60848,0.34326,49,5.987,0.50163,Central and Eastern Europe,0.28333,2016
49,Italy,2.34918,1.35495,1.04167,0.18827,0.16684000000000002,50,5.977,0.8510200000000001,Western Europe,0.02556,2016
50,Ecuador,2.77366,0.97306,0.85974,0.4027,0.10074,51,5.976,0.68613,Latin America and Caribbean,0.18037,2016
51,Belize,3.08039,0.87616,0.68655,0.51231,0.23684000000000002,52,5.956,0.45569,Latin America and Caribbean,0.10770999999999999,2016
52,Japan,1.8058400000000001,1.3800700000000001,1.06054,0.46761,0.10224,53,5.921,0.91491,Eastern Asia,0.18985,2016
53,Kazakhstan,2.49325,1.22943,0.95544,0.4052,0.15011,54,5.919,0.57386,Central and Eastern Europe,0.11132,2016
54,Moldova,3.38007,0.69177,0.8313200000000001,0.25201999999999997,0.19997,55,5.897,0.5230899999999999,Central and Eastern Europe,0.019030000000000002,2016
55,Russia,2.59115,1.2322799999999998,1.05261,0.32682,0.027360000000000002,56,5.856,0.58991,Central and Eastern Europe,0.03586,2016
56,Poland,2.20035,1.24585,1.04685,0.4519,0.14443,57,5.835,0.69058,Central and Eastern Europe,0.055,2016
57,South Korea,2.35015,1.35948,0.7219399999999999,0.25168,0.18824000000000002,57,5.835,0.88645,Eastern Asia,0.07716,2016
58,Bolivia,2.91635,0.79422,0.8377899999999999,0.50961,0.21698,59,5.822,0.4697,Latin America and Caribbean,0.07746,2016
59,Lithuania,2.60525,1.2692,1.0641100000000001,0.18929,0.02025,60,5.813,0.64674,Central and Eastern Europe,0.0182,2016
60,Belarus,2.3858200000000003,1.1306200000000002,1.04993,0.29091,0.13942000000000002,61,5.8020000000000005,0.6310399999999999,Central and Eastern Europe,0.17457,2016
61,North Cyprus,1.9344700000000001,1.31141,0.81826,0.43596,0.26322,62,5.771,0.8414200000000001,Western Europe,0.16577999999999998,2016
62,Slovenia,1.79522,1.2994700000000001,1.05613,0.53164,0.25738,63,5.768,0.79151,Central and Eastern Europe,0.03635,2016
63,Peru,2.73117,0.9960200000000001,0.81255,0.37501999999999996,0.14527,64,5.742999999999999,0.6299399999999999,Latin America and Caribbean,0.05292,2016
64,Turkmenistan,2.21489,1.08017,1.03817,0.37408,0.22566999999999998,65,5.6579999999999995,0.44006000000000006,Central and Eastern Europe,0.28467,2016
65,Mauritius,2.20223,1.14372,0.75695,0.46145,0.36951,66,5.648,0.66189,Sub-Saharan Africa,0.05202999999999999,2016
66,Libya,2.39374,1.0668799999999998,0.95076,0.40671999999999997,0.17087,67,5.615,0.52304,Middle East and Northern Africa,0.10339000000000001,2016
67,Latvia,2.20859,1.2178799999999999,0.95025,0.27996,0.17445,68,5.56,0.63952,Central and Eastern Europe,0.0889,2016
68,Cyprus,2.04497,1.31857,0.70697,0.29507,0.27906,69,5.546,0.8488,Western Europe,0.05227999999999999,2016
69,Paraguay,2.16091,0.8937299999999999,1.11111,0.46235,0.25296,70,5.537999999999999,0.58295,Latin America and Caribbean,0.07396,2016
70,Romania,2.4518400000000002,1.1697,0.7280300000000001,0.36712,0.12889,71,5.528,0.67602,Central and Eastern Europe,0.006790000000000001,2016
71,Estonia,1.81985,1.2796399999999999,1.0516299999999998,0.41511000000000003,0.08423,72,5.517,0.68098,Central and Eastern Europe,0.18519000000000002,2016
72,Jamaica,2.35682,0.89333,0.96372,0.43596999999999997,0.22245,73,5.51,0.5946899999999999,Latin America and Caribbean,0.04294,2016
73,Croatia,2.52462,1.18649,0.6080899999999999,0.23906999999999998,0.18434,74,5.4879999999999995,0.70524,Central and Eastern Europe,0.04002,2016
74,Hong Kong,0.92614,1.5107,0.87021,0.48078999999999994,0.40097,75,5.457999999999999,0.9527700000000001,Eastern Asia,0.31647,2016
75,Somalia,3.8377199999999996,0.0,0.33613000000000004,0.5677800000000001,0.27225,76,5.44,0.11465999999999998,Sub-Saharan Africa,0.3118,2016
76,Kosovo,2.80998,0.90145,0.66062,0.14396,0.27992,77,5.401,0.54,Central and Eastern Europe,0.06547,2016
77,Turkey,2.29074,1.1649200000000002,0.8771700000000001,0.23889000000000002,0.04707,78,5.388999999999999,0.64718,Middle East and Northern Africa,0.12347999999999999,2016
78,Indonesia,2.03171,0.95104,0.87625,0.39237,0.56521,79,5.314,0.49373999999999996,Southeastern Asia,0.00322,2016
79,Jordan,2.20142,0.9967299999999999,0.86216,0.36023,0.14262,80,5.303,0.60712,Middle East and Northern Africa,0.13297,2016
80,Azerbaijan,2.2735,1.12373,0.76042,0.35327,0.0564,81,5.291,0.54504,Central and Eastern Europe,0.17914000000000002,2016
81,Philippines,2.23484,0.81217,0.87877,0.5485399999999999,0.21674000000000002,82,5.279,0.47036000000000006,Southeastern Asia,0.11757000000000001,2016
82,China,2.17087,1.0278,0.79381,0.44011999999999996,0.049589999999999995,83,5.245,0.73561,Eastern Asia,0.02745,2016
83,Bhutan,1.82916,0.8527,0.9083600000000001,0.46074,0.48546000000000006,84,5.196000000000001,0.49759,Southern Asia,0.1616,2016
84,Kyrgyzstan,2.28136,0.5604399999999999,0.95434,0.40212,0.38432,85,5.185,0.5544899999999999,Central and Eastern Europe,0.047619999999999996,2016
85,Serbia,2.2753900000000002,1.03437,0.81329,0.15718,0.20736999999999997,86,5.1770000000000005,0.6458,Central and Eastern Europe,0.04339,2016
86,Bosnia and Herzegovina,2.48406,0.9338299999999999,0.64367,0.09511,0.29889,87,5.162999999999999,0.7076600000000001,Central and Eastern Europe,0.0,2016
87,Montenegro,2.2553099999999997,1.07838,0.74173,0.15111,0.17190999999999998,88,5.1610000000000005,0.6353300000000001,Central and Eastern Europe,0.12721,2016
88,Dominican Republic,1.6962599999999999,1.02787,0.9949600000000001,0.52259,0.21286,89,5.155,0.5766899999999999,Latin America and Caribbean,0.12372000000000001,2016
89,Morocco,2.9489099999999997,0.8405799999999999,0.38595,0.25645999999999997,0.040530000000000004,90,5.151,0.5947100000000001,Middle East and Northern Africa,0.08404,2016
90,Hungary,1.9547299999999999,1.24142,0.9316399999999999,0.1977,0.099,91,5.145,0.67608,Central and Eastern Europe,0.044719999999999996,2016
91,Pakistan,3.18286,0.68816,0.26135,0.14622000000000002,0.31185,92,5.132000000000001,0.40306,Southern Asia,0.1388,2016
92,Lebanon,2.0733900000000003,1.12268,0.64184,0.26228,0.23693000000000003,93,5.129,0.76171,Middle East and Northern Africa,0.030610000000000002,2016
93,Portugal,1.53015,1.27607,0.9436700000000001,0.44727,0.11690999999999999,94,5.122999999999999,0.7936300000000001,Western Europe,0.01521,2016
94,Macedonia,2.08947,1.0193,0.78236,0.27668000000000004,0.23506999999999997,95,5.121,0.6473800000000001,Central and Eastern Europe,0.07047,2016
95,Vietnam,1.9418,0.74037,0.7911699999999999,0.5595399999999999,0.25075,96,5.061,0.66157,Southeastern Asia,0.11556,2016
96,Somaliland Region,2.43801,0.25558000000000003,0.75862,0.3913,0.51479,97,5.0569999999999995,0.33108000000000004,Sub-Saharan Africa,0.36794,2016
97,Tunisia,2.68413,0.97724,0.43165,0.23553000000000002,0.03936,98,5.045,0.59577,Middle East and Northern Africa,0.0817,2016
98,Greece,2.12944,1.24886,0.75473,0.05822000000000001,0.0,99,5.033,0.80029,Western Europe,0.04127,2016
99,Tajikistan,2.39106,0.48835,0.75602,0.43408,0.25998000000000004,100,4.996,0.5311899999999999,Central and Eastern Europe,0.13509000000000002,2016
100,Mongolia,1.53586,0.9885299999999999,1.0898299999999999,0.35972,0.34539000000000003,101,4.907,0.55469,Eastern Asia,0.03285,2016
101,Laos,2.08637,0.68042,0.5497,0.52168,0.43078999999999995,102,4.876,0.38291,Southeastern Asia,0.22423,2016
102,Nigeria,2.8858599999999996,0.75216,0.64498,0.27854,0.23219,103,4.875,0.05108,Sub-Saharan Africa,0.0305,2016
103,Honduras,2.2955099999999997,0.69429,0.7559600000000001,0.26755,0.2044,104,4.871,0.5838300000000001,Latin America and Caribbean,0.06906,2016
104,Iran,1.99817,1.11758,0.38856999999999997,0.22544,0.38538,105,4.813,0.64232,Middle East and Northern Africa,0.0557,2016
105,Zambia,2.5899099999999997,0.61202,0.6376,0.42662,0.17865999999999999,106,4.795,0.23573000000000002,Sub-Saharan Africa,0.11479,2016
106,Nepal,2.32694,0.44626000000000005,0.69699,0.37012,0.3816,107,4.793,0.50073,Southern Asia,0.07007999999999999,2016
107,Palestinian Territories,2.40364,0.67024,0.71629,0.17744000000000001,0.11154000000000001,108,4.754,0.56844,Middle East and Northern Africa,0.10613,2016
108,Albania,1.9281599999999999,0.9553,0.50163,0.31866,0.1684,109,4.655,0.73007,Central and Eastern Europe,0.05301,2016
109,Bangladesh,2.6090400000000002,0.54177,0.24749000000000002,0.39778,0.19132000000000002,110,4.643,0.52989,Southern Asia,0.12583,2016
110,Sierra Leone,3.01402,0.36485,0.628,0.30685,0.23897,111,4.635,0.0,Sub-Saharan Africa,0.08196,2016
111,Iraq,1.81657,1.07474,0.59205,0.24856,0.19589,112,4.575,0.51076,Middle East and Northern Africa,0.13635999999999998,2016
112,Namibia,1.92198,0.9328700000000001,0.70362,0.48613999999999996,0.07795,113,4.574,0.34745,Sub-Saharan Africa,0.10397999999999999,2016
113,Cameroon,2.5198,0.5249699999999999,0.62542,0.42736,0.2268,114,4.513,0.12697999999999998,Sub-Saharan Africa,0.06126,2016
114,Ethiopia,2.65614,0.29283000000000003,0.37932,0.36703,0.29522,115,4.508,0.34578000000000003,Sub-Saharan Africa,0.1717,2016
115,South Africa,1.6422700000000001,1.02416,0.9605299999999999,0.42483000000000004,0.13656,116,4.459,0.18611,Sub-Saharan Africa,0.08415,2016
116,Sri Lanka,0.91681,0.9731799999999999,0.84783,0.50817,0.46978000000000003,117,4.415,0.62007,Southern Asia,0.07964,2016
117,India,2.18032,0.74036,0.29247,0.40285,0.25028,118,4.404,0.45091000000000003,Southern Asia,0.08722,2016
118,Myanmar,1.50655,0.34112,0.69981,0.42691999999999997,0.81971,119,4.395,0.3988,Southeastern Asia,0.20243,2016
119,Egypt,1.96895,0.95395,0.49813,0.18847,0.12705999999999998,120,4.362,0.5211600000000001,Middle East and Northern Africa,0.10393,2016
120,Armenia,1.9786400000000002,0.8608600000000001,0.6247699999999999,0.14037,0.07793,121,4.36,0.64083,Central and Eastern Europe,0.036160000000000005,2016
121,Kenya,1.88326,0.52267,0.7624,0.40576,0.41328000000000004,122,4.356,0.30146999999999996,Sub-Saharan Africa,0.06686,2016
122,Ukraine,1.50066,0.87287,1.01413,0.12859,0.20363,123,4.324,0.58628,Central and Eastern Europe,0.01829,2016
123,Ghana,2.2002,0.63107,0.49353,0.40973000000000004,0.21203000000000002,124,4.276,0.29681,Sub-Saharan Africa,0.0326,2016
124,Congo (Kinshasa),2.7492400000000004,0.05661,0.80676,0.15602,0.25458000000000003,125,4.272,0.188,Sub-Saharan Africa,0.06075,2016
125,Georgia,1.87031,0.8379200000000001,0.19249000000000002,0.32461,0.06786,126,4.252,0.64035,Central and Eastern Europe,0.3188,2016
126,Congo (Brazzaville),2.10681,0.7710899999999999,0.47798999999999997,0.37938,0.12077,127,4.236000000000001,0.28212,Sub-Saharan Africa,0.09752999999999999,2016
127,Senegal,1.9786099999999998,0.44314,0.7741600000000001,0.31056,0.19103,128,4.218999999999999,0.40457,Sub-Saharan Africa,0.11681,2016
128,Bulgaria,1.15377,1.11306,0.92542,0.21219000000000002,0.12793,129,4.217,0.67806,Central and Eastern Europe,0.00615,2016
129,Mauritania,1.9263,0.6139100000000001,0.8414200000000001,0.1268,0.22685999999999998,130,4.2010000000000005,0.28639000000000003,Sub-Saharan Africa,0.17955,2016
130,Zimbabwe,2.4427,0.35041,0.71478,0.25429,0.18503,131,4.1930000000000005,0.1595,Sub-Saharan Africa,0.08582000000000001,2016
131,Malawi,2.82859,0.08709,0.147,0.4143,0.30968,132,4.156000000000001,0.29364,Sub-Saharan Africa,0.07564,2016
132,Sudan,2.10995,0.63069,0.8192799999999999,0.0,0.18077000000000001,133,4.138999999999999,0.29759,Sub-Saharan Africa,0.10039,2016
133,Gabon,1.4533200000000002,1.15851,0.72368,0.28098,0.062439999999999996,134,4.121,0.3494,Sub-Saharan Africa,0.09314,2016
134,Mali,2.1108700000000002,0.31292,0.8633299999999999,0.27544,0.21064000000000002,135,4.073,0.16347,Sub-Saharan Africa,0.13647,2016
135,Haiti,2.3711599999999997,0.34097,0.29561,0.12072000000000001,0.47958,136,4.0280000000000005,0.27494,Latin America and Caribbean,0.14476,2016
136,Botswana,0.96741,1.09426,0.89186,0.44088999999999995,0.12425,137,3.9739999999999998,0.34752,Sub-Saharan Africa,0.10769000000000001,2016
137,Comoros,2.25632,0.27509,0.60323,0.15412,0.1827,138,3.9560000000000004,0.29980999999999997,Sub-Saharan Africa,0.18437,2016
138,Ivory Coast,1.97478,0.55507,0.57576,0.40663,0.20338,139,3.9160000000000004,0.04476,Sub-Saharan Africa,0.1553,2016
139,Cambodia,1.3157299999999998,0.55604,0.5375,0.5885199999999999,0.40339,140,3.907,0.42494,Southeastern Asia,0.08092,2016
140,Angola,2.09459,0.84731,0.66366,0.00589,0.12070999999999998,141,3.866,0.04991,Sub-Saharan Africa,0.08434,2016
141,Niger,2.09469,0.1327,0.6053,0.38040999999999997,0.2097,142,3.8560000000000003,0.26161999999999996,Sub-Saharan Africa,0.17176,2016
142,South Sudan,2.50929,0.39394,0.18519000000000002,0.19662000000000002,0.25899,143,3.832,0.15780999999999998,Sub-Saharan Africa,0.13015,2016
143,Chad,2.3063700000000003,0.42213999999999996,0.63178,0.12807000000000002,0.18667,144,3.763,0.038239999999999996,Sub-Saharan Africa,0.04952,2016
144,Burkina Faso,1.8731900000000001,0.31995,0.63054,0.3337,0.24353000000000002,145,3.739,0.21297,Sub-Saharan Africa,0.12533,2016
145,Uganda,1.51416,0.34719,0.90981,0.43653000000000003,0.27102,145,3.739,0.19625,Sub-Saharan Africa,0.06442,2016
146,Yemen,1.97295,0.57939,0.47493,0.2287,0.09821,147,3.7239999999999998,0.31048000000000003,Middle East and Northern Africa,0.05892000000000001,2016
147,Madagascar,2.15075,0.27954,0.46115,0.13684000000000002,0.2204,148,3.695,0.37109000000000003,Sub-Saharan Africa,0.07506,2016
148,Tanzania,1.3776899999999999,0.47155,0.77623,0.3176,0.31472,149,3.6660000000000004,0.35700000000000004,Sub-Saharan Africa,0.05099,2016
149,Liberia,2.23284,0.10705999999999999,0.50353,0.25748000000000004,0.24063,150,3.622,0.23165,Sub-Saharan Africa,0.04852,2016
150,Guinea,2.15604,0.22415,0.3109,0.30953,0.29914,151,3.6069999999999998,0.18829,Sub-Saharan Africa,0.1192,2016
151,Rwanda,0.96819,0.32846,0.6158600000000001,0.5432,0.23551999999999998,152,3.515,0.31865,Sub-Saharan Africa,0.50521,2016
152,Benin,2.10812,0.39499,0.10419,0.39747,0.2018,153,3.484,0.21028000000000002,Sub-Saharan Africa,0.06681000000000001,2016
153,Afghanistan,2.14558,0.38227,0.11037000000000001,0.1643,0.31268,154,3.36,0.17344,Southern Asia,0.07112,2016
154,Togo,2.1354,0.28123000000000004,0.0,0.34678000000000003,0.17517,155,3.303,0.24811,Sub-Saharan Africa,0.11587,2016
155,Syria,0.81789,0.7471899999999999,0.14866,0.06912,0.48396999999999996,156,3.069,0.6299399999999999,Middle East and Northern Africa,0.17232999999999998,2016
156,Burundi,2.1040400000000004,0.06831,0.23442,0.0432,0.2029,157,2.905,0.15747,Sub-Saharan Africa,0.09419,2016
0,Afghanistan,2.150801182,0.40147721799999997,0.581543326,0.10617952,0.311870933,141,3.79399991,0.180746779,Southern Asia,0.06115783,2017
1,Albania,1.490441561,0.996192753,0.803685248,0.381498635,0.201312944,109,4.644000053,0.7311597470000001,Central and Eastern Europe,0.039864216,2017
2,Algeria,2.5676038269999997,1.091864467,1.146217465,0.233335808,0.069436647,53,5.872000217,0.6175846460000001,Middle East and Northern Africa,0.14609611,2017
3,Angola,1.614482403,0.85842818,1.10441196,0.0,0.09792649,140,3.7950000760000004,0.049868666,Sub-Saharan Africa,0.069720335,2017
4,Argentina,2.614005327,1.1852954629999999,1.440451145,0.494519204,0.109457061,24,6.598999977,0.6951370840000001,Latin America and Caribbean,0.059739888,2017
5,Armenia,1.5214991569999998,0.900596738,1.0074837209999998,0.198303267,0.083488092,121,4.375999928,0.637524426,Central and Eastern Europe,0.026674422000000003,2017
6,Australia,2.0652108190000003,1.484414935,1.510041952,0.6016073820000001,0.47769925,10,7.28399992,0.843886793,Australia and New Zealand,0.30118373,2017
7,Austria,2.138506413,1.4870972630000001,1.459944963,0.56776619,0.316472322,13,7.006000042,0.8153284190000001,Western Europe,0.221060365,2017
8,Azerbaijan,1.7624816890000001,1.153601766,1.152400255,0.398155838,0.04526934,85,5.234000206,0.540775776,Central and Eastern Europe,0.180987507,2017
9,Bahrain,1.656149387,1.488412261,1.323110461,0.5367469189999999,0.17266848699999998,41,6.086999893,0.653133035,Middle East and Northern Africa,0.25704217,2017
10,Bangladesh,1.978736162,0.586682975,0.7351317409999999,0.47835665899999996,0.172255352,110,4.607999802,0.533241034,Southern Asia,0.123717859,2017
11,Belarus,1.723232985,1.15655756,1.444945216,0.29540026199999997,0.155137509,67,5.568999767,0.637714267,Central and Eastern Europe,0.156313822,2017
12,Belgium,2.124210358,1.463780761,1.462312698,0.539770722,0.231503338,17,6.890999794,0.8180918690000001,Western Europe,0.251343131,2017
13,Belize,2.631955624,0.9079753159999999,1.081417799,0.547509372,0.240015641,50,5.9559998510000005,0.450191766,Latin America and Caribbean,0.09658107199999999,2017
14,Benin,1.885630965,0.43108540799999995,0.435299844,0.425962776,0.207948461,143,3.657000065,0.209930211,Sub-Saharan Africa,0.060929015,2017
15,Bhutan,1.140184402,0.8854163890000001,1.340126514,0.5015376810000001,0.474054545,97,5.011000156000001,0.495879292,Southern Asia,0.17338039,2017
16,Bolivia,2.443279028,0.8337565659999999,1.227619052,0.558732927,0.225560725,58,5.822999954,0.47363025,Latin America and Caribbean,0.060477725999999996,2017
17,Bosnia and Herzegovina,1.892172575,0.9824094179999999,1.069335938,0.204403177,0.328867495,90,5.18200016,0.7051863070000001,Central and Eastern Europe,0.0,2017
18,Botswana,0.377913713,1.122094154,1.221554995,0.505196333,0.099348448,142,3.766000032,0.34175550899999996,Sub-Saharan Africa,0.09858319900000001,2017
19,Brazil,2.769267082,1.10735321,1.431306005,0.437453747,0.162349895,22,6.635000229,0.616552353,Latin America and Caribbean,0.111092761,2017
20,Bulgaria,0.996139288,1.161459088,1.4343794580000002,0.289231718,0.11317769400000001,105,4.714000225,0.70821768,Central and Eastern Europe,0.011051531000000002,2017
21,Burkina Faso,1.7272129059999999,0.35022771399999997,1.043280005,0.32436785100000004,0.250864685,134,4.032000065,0.21584425899999998,Sub-Saharan Africa,0.12032810599999999,2017
22,Burundi,1.6830241680000002,0.091622569,0.629793584,0.059900753,0.204435185,154,2.904999971,0.151610792,Sub-Saharan Africa,0.084147945,2017
23,Cambodia,1.042941093,0.601765096,1.006238341,0.633375823,0.385922968,129,4.168000221000001,0.429783404,Southeastern Asia,0.068105951,2017
24,Cameroon,2.333645582,0.564305365,0.946018219,0.43038874899999996,0.236298457,107,4.695000172,0.132892117,Sub-Saharan Africa,0.051306631,2017
25,Canada,2.187264442,1.479204416,1.481348991,0.611100912,0.435539722,7,7.315999985,0.834557652,North America,0.287371516,2017
26,Central African Republic,2.066004753,0.0,0.0,0.270842046,0.280876487,155,2.6930000780000003,0.018772686,Sub-Saharan Africa,0.056565076,2017
27,Chad,2.071238041,0.438012987,0.953855872,0.162342027,0.21611385,137,3.9360001089999996,0.041134715,Sub-Saharan Africa,0.053581882000000004,2017
28,Chile,2.509585857,1.25278461,1.2840249540000002,0.37689527899999997,0.32666242100000004,20,6.65199995,0.819479704,Latin America and Caribbean,0.082287982,2017
29,China,1.7649385930000001,1.0811657909999999,1.160837412,0.472787708,0.028806841,79,5.2729997630000005,0.741415501,Eastern Asia,0.022794275,2017
30,Colombia,2.616068125,1.070622325,1.4021829369999999,0.477487415,0.149014473,36,6.3569998739999996,0.5950279239999999,Latin America and Caribbean,0.046668742,2017
31,Congo (Brazzaville),1.7241356369999998,0.808964252,0.832044363,0.435025871,0.120852128,124,4.290999889,0.28995743399999996,Sub-Saharan Africa,0.07961813400000001,2017
32,Congo (Kinshasa),2.2249586580000003,0.092102349,1.229023457,0.23596134800000002,0.246455833,126,4.28000021,0.191407025,Sub-Saharan Africa,0.060241355999999996,2017
33,Costa Rica,2.898639202,1.109706283,1.416403651,0.58013165,0.214613229,12,7.078999996,0.759509265,Latin America and Caribbean,0.10010658900000001,2017
34,Croatia,1.854492426,1.222556233,0.9679830070000001,0.255772293,0.248002976,77,5.293000221000001,0.7012885209999999,Central and Eastern Europe,0.04310311,2017
35,Cyprus,1.621249199,1.3559380769999998,1.131363273,0.355111539,0.27125430100000003,65,5.620999812999999,0.8447147009999999,Western Europe,0.041237976,2017
36,Czech Republic,2.451861858,1.352682352,1.4338852169999998,0.49094617399999996,0.088106759,23,6.609000206,0.7544440029999999,Central and Eastern Europe,0.036872927,2017
37,Denmark,2.3137073519999998,1.4823830130000002,1.5511215930000002,0.6260067220000001,0.355280489,2,7.521999836,0.792565525,Western Europe,0.400770068,2017
38,Dominican Republic,1.31946516,1.0793738370000001,1.402416706,0.552589834,0.18696785,86,5.230000018999999,0.574873745,Latin America and Caribbean,0.11394525300000001,2017
39,Ecuador,2.290352583,1.0008203979999999,1.286168814,0.45519819899999997,0.150112465,44,6.007999897,0.6856362220000001,Latin America and Caribbean,0.140134647,2017
40,Egypt,1.7021610740000002,0.989701807,0.997471392,0.282110155,0.128631443,104,4.735000134,0.520187259,Middle East and Northern Africa,0.114381365,2017
41,El Salvador,2.714593887,0.9097844959999999,1.182125092,0.43245253,0.078257985,45,6.002999783,0.596018553,Latin America and Caribbean,0.08998096,2017
42,Estonia,1.357508659,1.32087934,1.4766711000000001,0.47913143,0.098890811,66,5.611000061,0.695168316,Central and Eastern Europe,0.18324892199999998,2017
43,Ethiopia,2.015743732,0.339233845,0.864669204,0.40884274200000004,0.31265074,119,4.460000038,0.353409708,Sub-Saharan Africa,0.165455714,2017
44,Finland,2.430181503,1.443571925,1.540246725,0.6179508570000001,0.24548277300000002,5,7.468999863,0.80915767,Western Europe,0.38261154299999994,2017
45,France,2.0059547419999997,1.430923462,1.3877768519999998,0.470222116,0.129762307,31,6.441999912000001,0.844465852,Western Europe,0.172502428,2017
46,Gabon,1.322916269,1.198210239,1.155620217,0.312328577,0.043785378,118,4.465000153,0.356578588,Sub-Saharan Africa,0.076046787,2017
47,Georgia,1.500137806,0.9506126640000001,0.570614934,0.309410036,0.054008815,125,4.285999775,0.649546981,Central and Eastern Europe,0.251666635,2017
48,Germany,2.015769958,1.4879233840000001,1.472520351,0.562511384,0.33626917,16,6.951000214,0.798950732,Western Europe,0.276731938,2017
49,Ghana,1.5778675080000002,0.6672248239999999,0.873664737,0.42302629399999997,0.25692394399999996,131,4.1199998860000004,0.295637727,Sub-Saharan Africa,0.02533637,2017
50,Greece,1.749221563,1.2894874809999999,1.239414573,0.09573125099999999,0.0,87,5.2270002369999995,0.810198903,Western Europe,0.043289777,2017
51,Guatemala,2.8938910960000004,0.8720019459999999,1.255585194,0.531310618,0.283488393,29,6.453999996,0.54023999,Latin America and Caribbean,0.077223279,2017
52,Guinea,1.5523118969999998,0.24454993,0.791244686,0.34858751299999996,0.264815092,149,3.5069999689999998,0.19412913899999998,Sub-Saharan Africa,0.110937618,2017
53,Haiti,1.697167635,0.368610263,0.640449822,0.030369857000000004,0.489203781,145,3.6029999260000003,0.27732113,Latin America and Caribbean,0.09987215,2017
54,Honduras,2.0658111569999997,0.730573118,1.143944979,0.34807986,0.236188874,91,5.181000233,0.58256948,Latin America and Caribbean,0.073345453,2017
55,"Hong Kong S.A.R., China",0.554633141,1.551674843,1.2627909179999999,0.490968645,0.374465793,71,5.472000122000001,0.943062425,Eastern Asia,0.29393374899999997,2017
56,Hungary,1.716459274,1.286011934,1.343133092,0.175863519,0.078401662,75,5.323999882,0.687763453,Central and Eastern Europe,0.036636937,2017
57,Iceland,2.322715282,1.48063302,1.6105740069999999,0.627162635,0.47554022100000004,3,7.504000187000001,0.8335521220000001,Western Europe,0.153526559,2017
58,India,1.519117117,0.7922212479999999,0.754372597,0.469987005,0.231538489,122,4.315000057,0.455427617,Southern Asia,0.092226885,2017
59,Indonesia,1.429476976,0.995538592,1.274444699,0.443323463,0.6117045879999999,81,5.262000083999999,0.492345721,Southeastern Asia,0.015317135,2017
60,Iran,1.4987349509999999,1.156873107,0.7115512490000001,0.249322608,0.38724291299999997,108,4.691999912,0.639333189,Middle East and Northern Africa,0.048761072999999995,2017
61,Iraq,1.3189072609999999,1.102710485,0.978613198,0.28855553300000003,0.19963726399999998,117,4.497000217,0.50118047,Middle East and Northern Africa,0.107215755,2017
62,Ireland,1.7738690380000002,1.535706639,1.558231115,0.573110342,0.427858323,15,6.977000237,0.809782624,Western Europe,0.298388153,2017
63,Israel,2.801757336,1.375382423,1.3762899640000001,0.405988604,0.330082655,11,7.212999821,0.838404,Middle East and Northern Africa,0.0852421,2017
64,Italy,1.813312054,1.395066619,1.444923282,0.256450713,0.17278964800000002,48,5.964000225,0.8531443479999999,Western Europe,0.028028091,2017
65,Ivory Coast,1.8449642659999999,0.603048921,0.90478003,0.447706193,0.20123747,128,4.179999828,0.04864217,Sub-Saharan Africa,0.130061775,2017
66,Jamaica,1.6123256680000002,0.9255793090000001,1.3682180640000001,0.474307239,0.233818337,76,5.31099987,0.641022384,Latin America and Caribbean,0.055267780999999995,2017
67,Japan,1.363223553,1.4169151780000002,1.436337829,0.505625546,0.12057276800000001,51,5.920000076,0.9134758709999999,Eastern Asia,0.163760737,2017
68,Jordan,1.791176558,0.9910123940000001,1.239088893,0.418421149,0.17217046,74,5.335999966,0.604590058,Middle East and Northern Africa,0.11980327199999999,2017
69,Kazakhstan,1.784892559,1.28455627,1.384369016,0.43745428299999994,0.201964423,60,5.818999767,0.606041551,Central and Eastern Europe,0.11928288599999999,2017
70,Kenya,1.651902199,0.560479462,1.0679507259999999,0.452763766,0.444860309,112,4.552999973,0.30998835,Sub-Saharan Africa,0.064641319,2017
71,Kosovo,2.010540724,0.9514843820000001,1.1378535029999999,0.260287941,0.319931448,78,5.278999805,0.54145205,Central and Eastern Europe,0.057471617999999995,2017
72,Kuwait,1.640425205,1.6329524519999998,1.259698749,0.49633759299999997,0.22828979800000002,39,6.105000018999999,0.632105708,Middle East and Northern Africa,0.21515955,2017
73,Kyrgyzstan,1.5367231369999999,0.596220076,1.394238591,0.454943389,0.428580374,98,5.004000187,0.5534577970000001,Central and Eastern Europe,0.039439179,2017
74,Latvia,1.993655205,1.260748625,1.4047149419999998,0.325707912,0.153074786,54,5.849999905,0.638566971,Central and Eastern Europe,0.073842727,2017
75,Lebanon,1.695073843,1.0749875309999999,1.129624248,0.288515985,0.264450759,88,5.224999905,0.735081077,Middle East and Northern Africa,0.03751383,2017
76,Lesotho,1.42983532,0.5210212470000001,1.190095186,0.39066129899999996,0.157497272,139,3.808000088,0.0,Sub-Saharan Africa,0.11909464,2017
77,Liberia,1.673285961,0.119041793,0.8721179370000001,0.332881182,0.266549885,148,3.5329999919999997,0.229918197,Sub-Saharan Africa,0.038948249,2017
78,Libya,1.8350112440000002,1.101803064,1.35756433,0.46573323,0.152073666,68,5.525000095,0.52016902,Middle East and Northern Africa,0.09261021,2017
79,Lithuania,2.228440523,1.314582348,1.4735161069999998,0.234231785,0.010164656999999999,52,5.90199995,0.62894994,Central and Eastern Europe,0.011865643,2017
80,Luxembourg,1.6195120809999999,1.7419435980000002,1.457583666,0.596627891,0.28318098199999997,18,6.862999916000001,0.845089495,Western Europe,0.318834424,2017
81,Macedonia,1.617469311,1.0645779370000001,1.2078930140000002,0.325905979,0.253760964,92,5.1750001910000005,0.644948184,Central and Eastern Europe,0.060277794,2017
82,Madagascar,1.584612608,0.305808693,0.9130203720000001,0.189196765,0.20873253,144,3.644000053,0.375223309,Sub-Saharan Africa,0.067231975,2017
83,Malawi,2.0817861559999997,0.23344203800000002,0.5125688310000001,0.466914654,0.28717047,136,3.970000029,0.315089583,Sub-Saharan Africa,0.072711654,2017
84,Malaysia,2.004448891,1.29121542,1.284646034,0.40226498200000005,0.41660893,42,6.084000111,0.618784428,Southeastern Asia,0.065600708,2017
85,Mali,1.668190956,0.476180494,1.281473398,0.306613743,0.183354199,127,4.190000057,0.169365674,Sub-Saharan Africa,0.10497024699999999,2017
86,Malta,1.556862831,1.343279839,1.488411665,0.588767052,0.574730575,27,6.52699995,0.8219442370000001,Western Europe,0.153066069,2017
87,Mauritania,1.651637316,0.648457289,1.27203083,0.09609804300000001,0.20187002399999998,123,4.291999817,0.28534928,Sub-Saharan Africa,0.136957005,2017
88,Mauritius,1.697583914,1.189395547,1.20956099,0.49124732600000004,0.360933751,64,5.629000187000001,0.638007462,Sub-Saharan Africa,0.042181555,2017
89,Mexico,2.837154865,1.153183818,1.21086216,0.412730008,0.12099043300000001,25,6.578000069,0.709978998,Latin America and Caribbean,0.132774115,2017
90,Moldova,2.807808399,0.72887063,1.251825571,0.24072904899999997,0.208779126,56,5.837999821,0.589465201,Central and Eastern Europe,0.010091286,2017
91,Mongolia,1.111292362,1.0272358659999998,1.4930112359999999,0.394143969,0.33846423,100,4.954999924,0.557783484,Eastern Asia,0.032902289,2017
92,Montenegro,1.729191542,1.121129036,1.238376498,0.194989055,0.197911024,83,5.236999989,0.667464674,Central and Eastern Europe,0.088174194,2017
93,Morocco,2.456189394,0.878114581,0.774864435,0.408158332,0.032209955,84,5.235000134,0.597710669,Middle East and Northern Africa,0.08776318300000001,2017
94,Mozambique,2.355650902,0.23430565,0.870701015,0.48079109200000003,0.32222810399999996,113,4.5500001910000005,0.106654435,Sub-Saharan Africa,0.179436386,2017
95,Myanmar,1.115290403,0.36711055,1.123235941,0.514492035,0.8380751609999999,114,4.545000076,0.397522569,Southeastern Asia,0.188816205,2017
96,Namibia,1.481890202,0.9644343259999999,1.098470807,0.520303547,0.077133745,111,4.573999882,0.33861181100000004,Sub-Saharan Africa,0.093146972,2017
97,Nepal,1.891241074,0.47982019200000003,1.179283261,0.44030594799999995,0.394096166,99,4.961999893,0.504130781,Southern Asia,0.072975546,2017
98,Netherlands,2.294804096,1.503944635,1.4289392230000002,0.585384488,0.47048983,6,7.376999855,0.810696125,Western Europe,0.282661825,2017
99,New Zealand,2.046456337,1.405706048,1.548195124,0.61406213,0.500005126,8,7.31400013,0.8167597059999999,Australia and New Zealand,0.382816702,2017
100,Nicaragua,2.513930559,0.737299204,1.28721571,0.447551847,0.30167421699999997,43,6.071000099,0.653095961,Latin America and Caribbean,0.13068798199999998,2017
101,Niger,1.8739833830000001,0.161925331,0.993025005,0.363658696,0.22867384600000001,135,4.027999878,0.268505007,Sub-Saharan Africa,0.138572946,2017
102,Nigeria,2.365390539,0.783756256,1.215770483,0.394952565,0.23094719600000002,95,5.073999882,0.05691573,Sub-Saharan Africa,0.026121566000000002,2017
103,North Cyprus,1.549157619,1.346911311,1.186303377,0.471203625,0.266845703,61,5.809999942999999,0.834647238,Western Europe,0.155353352,2017
104,Norway,2.277026653,1.616463184,1.53352356,0.635422587,0.362012237,1,7.537000179,0.796666503,Western Europe,0.315963835,2017
105,Pakistan,2.79248929,0.7268835309999999,0.67269069,0.23521526199999998,0.31544601899999997,80,5.269000053,0.402047783,Southern Asia,0.12434806699999999,2017
106,Palestinian Territories,1.878890276,0.716249228,1.1556471590000001,0.254711062,0.114173174,103,4.775000095,0.565666974,Middle East and Northern Africa,0.08928260199999999,2017
107,Panama,2.307199955,1.233748436,1.373192549,0.550026834,0.210556939,30,6.452000141,0.706156135,Latin America and Caribbean,0.070983924,2017
108,Paraguay,1.68533349,0.932537317,1.50728488,0.47350779200000004,0.224150658,70,5.493000031,0.579250693,Latin America and Caribbean,0.09106591300000001,2017
109,Peru,2.20726943,1.0352252720000001,1.218770385,0.45000287899999997,0.126819715,63,5.715000152999999,0.6301661129999999,Latin America and Caribbean,0.047049087,2017
110,Philippines,1.9726047519999999,0.857699215,1.253917575,0.5852146739999999,0.19351342300000002,72,5.429999828,0.468009055,Southeastern Asia,0.099331893,2017
111,Poland,1.7977228159999998,1.291787863,1.44571197,0.520342112,0.15846596699999999,46,5.97300005,0.699475348,Central and Eastern Europe,0.059307806,2017
112,Portugal,1.107682705,1.315175295,1.3670430180000002,0.4984653,0.095102713,89,5.195000172,0.7958435420000001,Western Europe,0.015869452,2017
113,Qatar,1.14546442,1.870765686,1.27429688,0.604130983,0.33047387,35,6.375,0.710098088,Middle East and Northern Africa,0.439299256,2017
114,Romania,2.176831484,1.217683911,1.15009129,0.45700374200000005,0.13351991800000002,57,5.8249998089999995,0.685158312,Central and Eastern Europe,0.004387901,2017
115,Russia,2.205607414,1.2817780970000001,1.469282389,0.37378311200000003,0.052263822,49,5.962999821,0.547349334,Central and Eastern Europe,0.032962881,2017
116,Rwanda,0.540061235,0.368745893,0.945707023,0.581843853,0.252756029,151,3.4709999560000004,0.326424807,Sub-Saharan Africa,0.455220014,2017
117,Saudi Arabia,2.065429688,1.530623555,1.2866775990000001,0.449750572,0.14761601400000002,37,6.343999863,0.59014833,Middle East and Northern Africa,0.273432255,2017
118,Senegal,1.789646149,0.47930902200000003,1.179691911,0.37792226700000003,0.183468893,115,4.534999847,0.40936285299999997,Sub-Saharan Africa,0.11546044800000001,2017
119,Serbia,1.9470844269999998,1.069317579,1.258189797,0.208715528,0.220125884,73,5.394999981000001,0.650784671,Central and Eastern Europe,0.040903781,2017
120,Sierra Leone,2.668459892,0.368420929,0.984136045,0.318697691,0.293040901,106,4.709000111,0.005564754,Sub-Saharan Africa,0.071095176,2017
121,Singapore,1.2163620000000002,1.69227767,1.3538143630000001,0.549840569,0.34596598100000003,26,6.5720000270000005,0.949492395,Southeastern Asia,0.464307785,2017
122,Slovakia,2.0977766509999998,1.325393558,1.505059242,0.295817465,0.136544481,40,6.09800005,0.7127329109999999,Central and Eastern Europe,0.024210852,2017
123,Slovenia,1.3133172990000002,1.341205955,1.452518821,0.572575808,0.242649093,62,5.757999897,0.790828228,Central and Eastern Europe,0.04512897900000001,2017
124,Somalia,3.11748457,0.022643184,0.721151352,0.602126956,0.291631311,93,5.151000023,0.11398913699999999,Sub-Saharan Africa,0.282410324,2017
125,South Africa,1.5109086040000002,1.054698706,1.3847886319999998,0.479246736,0.13936238,101,4.828999996,0.18708007,Sub-Saharan Africa,0.072509497,2017
126,South Korea,1.880378008,1.4016784430000002,1.1282744409999999,0.257921666,0.206674367,55,5.837999821,0.9002140759999999,Eastern Asia,0.063282669,2017
127,South Sudan,1.879567385,0.397248626,0.601323128,0.147062436,0.28567081699999997,147,3.59100008,0.163486004,Sub-Saharan Africa,0.116793513,2017
128,Spain,1.92775774,1.384397864,1.532090902,0.40878123,0.190133572,34,6.402999877999999,0.8889606,Western Europe,0.070914097,2017
129,Sri Lanka,0.419389248,1.009850144,1.259976387,0.561213255,0.49086356200000003,120,4.440000057,0.6251308320000001,Southern Asia,0.073653966,2017
130,Sudan,1.68706584,0.6595166920000001,1.21400857,0.014995855,0.18231745100000002,130,4.138999939,0.29092082399999997,Sub-Saharan Africa,0.08984752,2017
131,Sweden,2.097537994,1.494387269,1.478162169,0.612924099,0.385399252,9,7.28399992,0.830875158,Western Europe,0.384398729,2017
132,Switzerland,2.276716232,1.5649795530000001,1.516911745,0.620070577,0.290549278,4,7.493999958,0.858131289,Western Europe,0.367007285,2017
133,Syria,1.061573505,0.7771531340000001,0.39610260700000005,0.081539445,0.49366372799999997,152,3.461999893,0.500533342,Middle East and Northern Africa,0.151347131,2017
134,Taiwan Province of China,2.1266074180000003,1.4336265330000002,1.3845653530000002,0.361466587,0.258360475,33,6.421999931,0.7939842340000001,Eastern Asia,0.063829236,2017
135,Tajikistan,1.84904933,0.524713635,1.271463275,0.47156670700000003,0.248997644,96,5.040999889,0.529235125,Central and Eastern Europe,0.14637714599999999,2017
136,Tanzania,0.621130466,0.511135876,1.0419898029999999,0.390017778,0.35425636200000005,153,3.348999977,0.364509284,Sub-Saharan Africa,0.066035107,2017
137,Thailand,2.039508343,1.127868772,1.425792456,0.580200732,0.57212311,32,6.423999786,0.647239029,Southeastern Asia,0.031612735,2017
138,Togo,1.837229252,0.305444717,0.43188253,0.380426139,0.19689615100000002,150,3.4949998860000004,0.247105569,Sub-Saharan Africa,0.095665015,2017
139,Trinidad and Tobago,2.053247452,1.361355901,1.380228519,0.518630743,0.325296462,38,6.168000221000001,0.519983292,Latin America and Caribbean,0.008964816,2017
140,Tunisia,1.89025116,1.007265806,0.86835146,0.28968069,0.049693357,102,4.804999828,0.613212049,Middle East and Northern Africa,0.086723149,2017
141,Turkey,1.879277945,1.1982743740000001,1.337753177,0.30074059999999997,0.046693042000000004,69,5.5,0.637605608,Middle East and Northern Africa,0.09967158,2017
142,Turkmenistan,1.832909822,1.130776763,1.4931491609999998,0.418271929,0.24992498800000001,59,5.8220000270000005,0.43772608,Central and Eastern Europe,0.25927034,2017
143,Uganda,1.526362658,0.381430715,1.129827738,0.443185955,0.325766057,133,4.0809998510000005,0.217632607,Sub-Saharan Africa,0.057069719000000005,2017
144,Ukraine,0.814382315,0.8946519490000001,1.394537568,0.122974776,0.270061463,132,4.096000195,0.575903952,Central and Eastern Europe,0.023029471,2017
145,United Arab Emirates,1.734703541,1.626343369,1.2664102320000001,0.60834527,0.36094194700000004,21,6.647999763,0.7267982359999999,Middle East and Northern Africa,0.324489564,2017
146,United Kingdom,1.704143524,1.44163394,1.49646008,0.508190036,0.492774159,19,6.714000225,0.8053359390000001,Western Europe,0.265428066,2017
147,United States,2.218113422,1.546259284,1.419920564,0.5057405229999999,0.392578781,14,6.993000031,0.7742866279999999,North America,0.135638788,2017
148,Uruguay,2.1724095340000003,1.217559695,1.412227869,0.5793922539999999,0.17509692899999998,28,6.453999996,0.7192168240000001,Latin America and Caribbean,0.178061873,2017
149,Uzbekistan,1.816913605,0.786441088,1.54896915,0.658248663,0.415983647,47,5.971000195,0.498272628,Central and Eastern Europe,0.24652822300000002,2017
150,Venezuela,1.7894637580000001,1.128431201,1.431337595,0.153997123,0.06501963,82,5.25,0.617144227,Latin America and Caribbean,0.064491123,2017
151,Vietnam,1.4623186590000001,0.788547575,1.277491331,0.571055591,0.234968051,94,5.073999882,0.652168989,Southeastern Asia,0.08763323699999999,2017
152,Yemen,1.345600605,0.5916834470000001,0.9353822470000001,0.249463722,0.10412520900000001,146,3.592999935,0.31008091600000004,Middle East and Northern Africa,0.056767423,2017
153,Zambia,1.826705456,0.636406779,1.0031872990000001,0.461603492,0.249580145,116,4.513999939,0.257835895,Sub-Saharan Africa,0.07821355,2017
154,Zimbabwe,1.597970247,0.375846535,1.083095908,0.33638420700000005,0.189143494,138,3.875,0.19676375399999999,Sub-Saharan Africa,0.095375381,2017
0,Finland,2.59519,1.3051,1.5921299999999998,0.6806300000000001,0.19164,1,7.632000000000001,0.87445,Western Europe,0.39296,2018
1,Norway,2.3832400000000002,1.45563,1.5823399999999999,0.68642,0.28564,2,7.593999999999999,0.8607600000000001,Western Europe,0.33969,2018
2,Denmark,2.37018,1.35115,1.59045,0.68325,0.28439000000000003,3,7.555,0.86793,Western Europe,0.40792,2018
3,Iceland,2.42599,1.3433,1.64438,0.6765,0.35323000000000004,4,7.495,0.9138,Western Europe,0.13802,2018
4,Switzerland,2.31953,1.41973,1.549,0.65978,0.25553000000000003,5,7.487,0.9270799999999999,Western Europe,0.35668,2018
5,Netherlands,2.44843,1.36091,1.4882799999999998,0.63807,0.33336,6,7.441,0.87771,Western Europe,0.29459,2018
6,Canada,2.30575,1.33041,1.53191,0.6530699999999999,0.32064000000000004,7,7.327999999999999,0.89585,North America,0.29091,2018
7,New Zealand,2.15617,1.2680200000000001,1.6006200000000002,0.66887,0.36517,8,7.324,0.87608,Australia and New Zealand,0.38884,2018
8,Sweden,2.21686,1.35544,1.50148,0.6594,0.28467,9,7.314,0.91346,Western Europe,0.38321,2018
9,Australia,2.13924,1.33995,1.57254,0.64653,0.361,10,7.272,0.9104399999999999,Australia and New Zealand,0.30235,2018
10,Israel,2.8167299999999997,1.2438200000000001,1.4329100000000001,0.46405,0.26245999999999997,11,7.19,0.88835,Middle East and Northern Africa,0.08167999999999999,2018
11,Austria,2.31948,1.34135,1.5041,0.61724,0.24201,12,7.138999999999999,0.89136,Western Europe,0.22382,2018
12,Costa Rica,2.91054,1.01009,1.45889,0.63152,0.1433,13,7.072,0.8167,Latin America and Caribbean,0.10061,2018
13,Ireland,1.8443,1.4475799999999999,1.58263,0.61397,0.30651,14,6.977,0.87629,Western Europe,0.30582,2018
14,Germany,2.15076,1.33962,1.47435,0.58615,0.2735,15,6.965,0.8605200000000001,Western Europe,0.27984000000000003,2018
15,Belgium,2.21504,1.32352,1.48288,0.5826899999999999,0.18804,16,6.9270000000000005,0.8943200000000001,Western Europe,0.24039000000000002,2018
16,Luxembourg,1.76855,1.57608,1.52007,0.63202,0.19605,17,6.91,0.89618,Western Europe,0.32099,2018
17,United States,2.22715,1.39804,1.47054,0.54732,0.29059,18,6.886,0.81896,North America,0.13343,2018
18,United Kingdom,1.9120099999999998,1.30131,1.55873,0.53267,0.35433000000000003,19,6.814,0.88321,Western Europe,0.27207,2018
19,United Arab Emirates,2.09586,1.46712,1.29556,0.66984,0.28392,20,6.774,0.77615,Middle East and Northern Africa,0.18563,2018
20,Czech Republic,2.4938,1.23347,1.48932,0.54264,0.06397,21,6.711,0.85408,Central and Eastern Europe,0.033639999999999996,2018
21,Malta,1.78375,1.2702,1.5249,0.6453399999999999,0.37581,22,6.627000000000001,0.8843700000000001,Western Europe,0.14225,2018
22,France,2.02775,1.2927899999999999,1.46645,0.52031,0.09784,23,6.489,0.9085,Western Europe,0.17569,2018
23,Mexico,2.79451,1.03823,1.25223,0.47918,0.06867999999999999,24,6.4879999999999995,0.76066,Latin America and Caribbean,0.0947,2018
24,Chile,2.5165900000000003,1.13131,1.33102,0.43123,0.19705999999999999,25,6.476,0.80838,Latin America and Caribbean,0.060610000000000004,2018
25,Taiwan Province of China,2.13613,1.36505,1.43597,0.41756000000000004,0.15062,26,6.441,0.8573799999999999,Eastern Asia,0.07786,2018
26,Panama,2.33618,1.1122,1.43839,0.59687,0.12451,27,6.43,0.7588,Latin America and Caribbean,0.06309,2018
27,Brazil,2.59203,0.9859,1.47431,0.49346,0.11026,28,6.419,0.67514,Latin America and Caribbean,0.0878,2018
28,Argentina,2.4182,1.07267,1.46834,0.56971,0.061939999999999995,29,6.388,0.74359,Latin America and Caribbean,0.05351,2018
29,Guatemala,2.87072,0.78132,1.26768,0.6043,0.17881,30,6.382000000000001,0.60841,Latin America and Caribbean,0.07061,2018
30,Uruguay,2.14698,1.09266,1.45879,0.6248600000000001,0.12962,31,6.379,0.77059,Latin America and Caribbean,0.15533,2018
31,Qatar,1.5930600000000001,1.64905,1.30332,0.65405,0.2565,32,6.374,0.748,Middle East and Northern Africa,0.17054,2018
32,Saudi Arabia,2.29334,1.37876,1.3312700000000002,0.5089600000000001,0.09834,33,6.371,0.63342,Middle East and Northern Africa,0.12684,2018
33,Singapore,1.00502,1.52929,1.45117,0.63135,0.26141,34,6.343,1.008,Southeastern Asia,0.45697,2018
34,Malaysia,2.5066900000000003,1.16131,1.25824,0.35615,0.31143000000000004,35,6.322,0.66914,Southeastern Asia,0.059160000000000004,2018
35,Spain,1.89232,1.25081,1.53764,0.44883999999999996,0.14156,36,6.31,0.96488,Western Europe,0.07382000000000001,2018
36,Colombia,2.55633,0.9604299999999999,1.43882,0.5314300000000001,0.09859,37,6.26,0.6350600000000001,Latin America and Caribbean,0.03943,2018
37,Trinidad & Tobago,2.14845,1.22271,1.49215,0.57508,0.17107,38,6.192,0.56375,Latin America and Caribbean,0.01865,2018
38,Slovakia,2.1654,1.20989,1.53705,0.35352,0.1176,39,6.172999999999999,0.7761399999999999,Central and Eastern Europe,0.013819999999999999,2018
39,El Salvador,2.88355,0.80583,1.23068,0.46066999999999997,0.06507,40,6.167000000000001,0.63864,Latin America and Caribbean,0.08234,2018
40,Nicaragua,2.59045,0.6683,1.31948,0.52674,0.20767,41,6.141,0.69984,Latin America and Caribbean,0.12847999999999998,2018
41,Poland,2.0016599999999998,1.17554,1.44783,0.54573,0.10757,42,6.122999999999999,0.78083,Central and Eastern Europe,0.06386,2018
42,Bahrain,1.7428599999999999,1.3377700000000001,1.36564,0.59438,0.24294000000000002,43,6.105,0.6984199999999999,Middle East and Northern Africa,0.12305999999999999,2018
43,Uzbekistan,1.87694,0.71885,1.58443,0.72448,0.32779,44,6.096,0.6048399999999999,Central and Eastern Europe,0.25875,2018
44,Kuwait,1.80519,1.47371,1.30149,0.55428,0.16738,45,6.082999999999999,0.67515,Middle East and Northern Africa,0.10618,2018
45,Thailand,1.9023,1.01597,1.41725,0.6373300000000001,0.36357,46,6.072,0.70672,Southeastern Asia,0.02914,2018
46,Italy,1.84312,1.26414,1.50065,0.28102,0.13655,47,6.0,0.9464299999999999,Western Europe,0.02845,2018
47,Ecuador,2.22808,0.8891600000000001,1.3301399999999999,0.55615,0.11392000000000001,48,5.973,0.73558,Latin America and Caribbean,0.12015,2018
48,Belize,2.70978,0.8067300000000001,1.10089,0.59275,0.18256,49,5.956,0.47433000000000003,Latin America and Caribbean,0.0886,2018
49,Lithuania,2.13001,1.19684,1.52714,0.34986,0.026160000000000003,50,5.952000000000001,0.71553,Central and Eastern Europe,0.00636,2018
50,Slovenia,1.5222799999999999,1.21904,1.50639,0.63293,0.1598,51,5.9479999999999995,0.85621,Central and Eastern Europe,0.05095,2018
51,Romania,2.2686,1.11562,1.21884,0.52752,0.08755,52,5.945,0.72638,Central and Eastern Europe,0.0006900000000000001,2018
52,Latvia,2.13899,1.148,1.45431,0.36294,0.09165,53,5.933,0.67085,Central and Eastern Europe,0.06633,2018
53,Japan,1.3900299999999999,1.29421,1.4616,0.553,0.07861,54,5.915,0.9879,Eastern Asia,0.14967,2018
54,Mauritius,1.8512099999999998,1.0901399999999999,1.38743,0.5839,0.24502,55,5.891,0.68388,Sub-Saharan Africa,0.04989,2018
55,Jamaica,2.18182,0.8185600000000001,1.49315,0.57527,0.09627999999999999,56,5.89,0.6934,Latin America and Caribbean,0.03129,2018
56,South Korea,1.97963,1.26631,1.2041600000000001,0.24419000000000002,0.17452,57,5.875,0.95465,Eastern Asia,0.05144,2018
57,Northern Cyprus,1.65875,1.22882,1.2110100000000001,0.4949,0.17868,58,5.835,0.9091299999999999,Western Europe,0.15354,2018
58,Russia,2.0912900000000003,1.1511,1.47904,0.39929000000000003,0.06506,59,5.81,0.59853,Central and Eastern Europe,0.02537,2018
59,Kazakhstan,1.77773,1.14262,1.5164799999999998,0.4536,0.14759,60,5.79,0.63132,Central and Eastern Europe,0.12070999999999998,2018
60,Cyprus,1.77361,1.22882,1.19075,0.42275,0.20249,61,5.7620000000000005,0.9091299999999999,Western Europe,0.034980000000000004,2018
61,Bolivia,2.46862,0.75111,1.22306,0.60574,0.14115,62,5.752000000000001,0.50839,Latin America and Caribbean,0.05382000000000001,2018
62,Estonia,1.45713,1.20002,1.53241,0.55279,0.08573,63,5.739,0.73727,Central and Eastern Europe,0.17387,2018
63,Paraguay,1.93228,0.8345799999999999,1.52209,0.5405399999999999,0.16201,64,5.681,0.61502,Latin America and Caribbean,0.07405,2018
64,Peru,2.1509400000000003,0.9335200000000001,1.24898,0.52998,0.09155,65,5.662999999999999,0.67403,Latin America and Caribbean,0.03417,2018
65,Kosovo,2.2549099999999997,0.8548,1.2297799999999999,0.44816999999999996,0.27385,66,5.662000000000001,0.57767,Central and Eastern Europe,0.022959999999999998,2018
66,Moldova,2.65876,0.65661,1.30069,0.23215999999999998,0.17095,67,5.64,0.62022,Central and Eastern Europe,0.00033,2018
67,Turkmenistan,1.9180599999999999,1.01559,1.53283,0.4166,0.19908,68,5.636,0.51675,Central and Eastern Europe,0.03731,2018
68,Hungary,1.9741,1.1710399999999999,1.4013200000000001,0.25901,0.06071,69,5.62,0.73155,Central and Eastern Europe,0.02226,2018
69,Libya,1.91841,0.98515,1.34984,0.49591999999999997,0.11553,70,5.566,0.5526800000000001,Middle East and Northern Africa,0.1482,2018
70,Philippines,2.05579,0.7753399999999999,1.31237,0.64284,0.11992,71,5.524,0.51265,Southeastern Asia,0.10518,2018
71,Honduras,2.3278,0.61964,1.20519,0.45861999999999997,0.19680999999999998,72,5.504,0.62241,Latin America and Caribbean,0.07357999999999999,2018
72,Belarus,1.6840400000000002,1.03878,1.49776,0.30728,0.10097,73,5.483,0.70012,Central and Eastern Europe,0.15437,2018
73,Turkey,1.72944,1.14834,1.38045,0.32428,0.1056,74,5.483,0.68562,Middle East and Northern Africa,0.10878,2018
74,Pakistan,2.92302,0.6524399999999999,0.8095399999999999,0.33434,0.21608000000000002,75,5.472,0.42373999999999995,Southern Asia,0.11329000000000002,2018
75,"Hong Kong SAR, China",0.64362,1.40506,1.28998,0.52422,0.24647,76,5.43,1.02965,Eastern Asia,0.29143,2018
76,Portugal,1.27623,1.18751,1.42947,0.56204,0.05491,77,5.41,0.88359,Western Europe,0.01662,2018
77,Serbia,1.9047,0.9747,1.3692600000000001,0.28786999999999996,0.13377999999999998,78,5.398,0.68497,Central and Eastern Europe,0.0429,2018
78,Greece,1.94816,1.1538,1.20191,0.13093,0.0,79,5.358,0.87859,Western Europe,0.044469999999999996,2018
79,Tajikistan,2.24843,0.47413999999999995,1.17898,0.5035,0.21408000000000002,80,5.352,0.59787,Central and Eastern Europe,0.13554000000000002,2018
80,Montenegro,1.8695400000000002,1.01728,1.27939,0.25927,0.11141,81,5.347,0.72921,Central and Eastern Europe,0.08145,2018
81,Croatia,1.7689599999999999,1.1149200000000001,1.16097,0.38037,0.12002,82,5.321000000000001,0.73702,Central and Eastern Europe,0.03895,2018
82,Dominican Republic,1.4609,0.9816799999999999,1.4407299999999998,0.57828,0.11995,83,5.3020000000000005,0.61449,Latin America and Caribbean,0.10574000000000001,2018
83,Algeria,2.20853,0.9788600000000001,1.1536600000000001,0.07728,0.055189999999999996,84,5.295,0.6866,Middle East and Northern Africa,0.13452,2018
84,Morocco,2.44787,0.77879,0.7973399999999999,0.46012,0.0264,85,5.254,0.66894,Middle East and Northern Africa,0.07426,2018
85,China,1.58633,0.9893200000000001,1.14198,0.5967899999999999,0.02865,86,5.246,0.7994,Eastern Asia,0.10334000000000002,2018
86,Azerbaijan,1.77557,1.0240200000000002,1.16089,0.42983999999999994,0.030910000000000003,87,5.2010000000000005,0.60288,Central and Eastern Europe,0.17649,2018
87,Lebanon,1.77073,0.96454,1.1664,0.29165,0.18652,88,5.199,0.7854300000000001,Middle East and Northern Africa,0.0336,2018
88,Macedonia,1.6753799999999999,0.95935,1.23932,0.39449,0.17322,89,5.185,0.6905899999999999,Central and Eastern Europe,0.05246,2018
89,Jordan,1.6974099999999999,0.8215899999999999,1.26498,0.46781999999999996,0.12985,90,5.1610000000000005,0.64488,Middle East and Northern Africa,0.13417,2018
90,Nigeria,2.55215,0.68912,1.17171,0.46186000000000005,0.20104,91,5.155,0.04772,Sub-Saharan Africa,0.03175,2018
91,Kyrgyzstan,1.7358900000000002,0.52965,1.41639,0.53989,0.28068000000000004,92,5.131,0.59368,Central and Eastern Europe,0.03458,2018
92,Bosnia and Herzegovina,1.8825900000000002,0.9149200000000001,1.07805,0.28031,0.21591999999999997,93,5.129,0.75756,Central and Eastern Europe,0.0,2018
93,Mongolia,1.43815,0.91417,1.51725,0.39513000000000004,0.25284,94,5.125,0.57536,Eastern Asia,0.03171,2018
94,Vietnam,1.4473,0.71463,1.36501,0.61824,0.17705,95,5.103,0.70152,Southeastern Asia,0.0795,2018
95,Indonesia,1.41676,0.89905,1.2145700000000001,0.5381600000000001,0.48402,96,5.093,0.5223899999999999,Southeastern Asia,0.01763,2018
96,Bhutan,1.34826,0.7963600000000001,1.3346200000000001,0.5415,0.36401,97,5.082,0.52657,Southern Asia,0.17082,2018
97,Somalia,2.9605099999999998,0.0,0.71192,0.67362,0.23798000000000002,98,4.982,0.1154,Sub-Saharan Africa,0.28209,2018
98,Cameroon,2.68765,0.53466,0.89081,0.45361999999999997,0.18279,99,4.975,0.18239,Sub-Saharan Africa,0.0434,2018
99,Bulgaria,1.21879,1.05444,1.5152299999999999,0.35875999999999997,0.06421,100,4.933,0.71235,Central and Eastern Europe,0.009340000000000001,2018
100,Nepal,1.7821799999999999,0.42538000000000004,1.22823,0.52613,0.30201999999999996,101,4.88,0.53863,Southern Asia,0.07787999999999999,2018
101,Venezuela,1.4423700000000002,0.99566,1.46941,0.1331,0.05632,102,4.806,0.65705,Latin America and Caribbean,0.051629999999999995,2018
102,Gabon,1.7146,1.0362799999999999,1.16353,0.35629,0.03204,103,4.758,0.40406,Sub-Saharan Africa,0.05156,2018
103,Palestinian Territories,1.85315,0.64241,1.2167700000000001,0.26616,0.08595,104,4.743,0.60241,Middle East and Northern Africa,0.07646,2018
104,South Africa,1.36805,0.93991,1.41045,0.51648,0.10336,105,4.724,0.32999,Sub-Saharan Africa,0.05575,2018
105,Iran,1.3148600000000001,1.05853,0.7714,0.45935,0.28239000000000003,106,4.707,0.69076,Middle East and Northern Africa,0.12927,2018
106,Ivory Coast,2.4626799999999998,0.54081,0.8715299999999999,0.46652,0.14639000000000002,107,4.671,0.08032,Sub-Saharan Africa,0.10296,2018
107,Ghana,2.0932,0.59172,0.89575,0.49853000000000003,0.21176999999999999,108,4.657,0.33724,Sub-Saharan Africa,0.02876,2018
108,Senegal,2.02585,0.42891,1.1174600000000001,0.40555,0.13799,109,4.631,0.43322,Sub-Saharan Africa,0.08213,2018
109,Laos,1.39944,0.7197600000000001,1.0335299999999998,0.62621,0.22969,110,4.623,0.44083,Southeastern Asia,0.17368,2018
110,Tunisia,1.7224099999999998,0.89974,0.90643,0.27051,0.04021,111,4.592,0.6903199999999999,Middle East and Northern Africa,0.06274,2018
111,Albania,1.46215,0.9157799999999999,0.8174,0.41867,0.14920999999999998,112,4.586,0.7903899999999999,Central and Eastern Europe,0.03244,2018
112,Sierra Leone,2.85481,0.25616,0.8132,0.35518,0.23822,113,4.571000000000001,0.0,Sub-Saharan Africa,0.053020000000000005,2018
113,Congo (Brazzaville),2.0407599999999997,0.6816,0.81076,0.51379,0.09149,114,4.559,0.34297,Sub-Saharan Africa,0.0773,2018
114,Bangladesh,1.6635400000000002,0.5323399999999999,0.84957,0.57963,0.15298,115,4.5,0.57853,Southern Asia,0.14381,2018
115,Sri Lanka,0.62376,0.91785,1.31436,0.58513,0.30741999999999997,116,4.471,0.6719,Southern Asia,0.05018,2018
116,Iraq,1.39263,1.00987,0.97121,0.30368,0.14765,117,4.456,0.53599,Middle East and Northern Africa,0.09461,2018
117,Mali,2.12951,0.3698,1.23318,0.36729,0.13934000000000002,118,4.447,0.15199000000000001,Sub-Saharan Africa,0.0559,2018
118,Namibia,1.28663,0.87382,1.28135,0.5192899999999999,0.05063,119,4.441,0.3654,Sub-Saharan Africa,0.06418,2018
119,Cambodia,1.32125,0.54867,1.08826,0.69638,0.25633,120,4.433,0.45677,Southeastern Asia,0.06493,2018
120,Burkina Faso,2.1449,0.31367,1.09674,0.31164000000000003,0.17545999999999998,121,4.4239999999999995,0.25406999999999996,Sub-Saharan Africa,0.12793,2018
121,Egypt,1.44425,0.88538,1.02502,0.31208,0.09242,122,4.419,0.5534100000000001,Middle East and Northern Africa,0.10662,2018
122,Mozambique,2.24932,0.198,0.9019,0.53087,0.20563,123,4.417,0.17265,Sub-Saharan Africa,0.15824000000000002,2018
123,Kenya,1.50299,0.49306000000000005,1.04795,0.5037,0.35247,124,4.41,0.45441000000000004,Sub-Saharan Africa,0.055139999999999995,2018
124,Zambia,1.6669,0.56239,1.04741,0.5026,0.22136999999999998,125,4.377,0.29452,Sub-Saharan Africa,0.08195,2018
125,Mauritania,1.9053400000000003,0.55703,1.2450299999999999,0.12853,0.13418,126,4.356,0.29203,Sub-Saharan Africa,0.09332,2018
126,Ethiopia,1.8835400000000002,0.30793000000000004,0.9502799999999999,0.4519,0.2196,127,4.35,0.39092,Sub-Saharan Africa,0.14604,2018
127,Georgia,1.62399,0.8532799999999999,0.59195,0.37545,0.038489999999999996,128,4.34,0.64259,Central and Eastern Europe,0.21474000000000001,2018
128,Armenia,1.48299,0.81639,0.9902,0.2601,0.07705,129,4.321000000000001,0.66619,Central and Eastern Europe,0.027639999999999998,2018
129,Myanmar,0.6673399999999999,0.68213,1.1736799999999998,0.5796399999999999,0.5975699999999999,130,4.308,0.42938999999999994,Southeastern Asia,0.17806,2018
130,Chad,2.55323,0.35783000000000004,0.90701,0.18891,0.18082,131,4.301,0.05284,Sub-Saharan Africa,0.05995,2018
131,Congo (Kinshasa),2.2739599999999998,0.06923,1.13562,0.31235,0.19722,132,4.245,0.20432999999999998,Sub-Saharan Africa,0.05225,2018
132,India,1.4318,0.72126,0.7471399999999999,0.5393100000000001,0.17219,133,4.19,0.48493,Southern Asia,0.09318,2018
133,Niger,2.28272,0.13135,0.8665700000000001,0.38979,0.17536,134,4.166,0.22083000000000003,Sub-Saharan Africa,0.0989,2018
134,Uganda,1.74216,0.32177,1.0901100000000001,0.44971000000000005,0.25942,135,4.1610000000000005,0.23699,Sub-Saharan Africa,0.0606,2018
135,Benin,2.48082,0.3778,0.3725,0.43975,0.16324,136,4.141,0.24043,Sub-Saharan Africa,0.06683,2018
136,Sudan,1.74955,0.60502,1.24004,0.01623,0.1339,137,4.138999999999999,0.31217,Sub-Saharan Africa,0.08175,2018
137,Ukraine,0.9269,0.793,1.41276,0.16257,0.18696,138,4.103,0.60926,Central and Eastern Europe,0.01144,2018
138,Togo,2.3189599999999997,0.25936,0.47426999999999997,0.43412,0.1582,139,3.9989999999999997,0.2529,Sub-Saharan Africa,0.10067999999999999,2018
139,Guinea,1.9428299999999998,0.34371,0.79246,0.39432,0.18549000000000002,140,3.964,0.21147,Sub-Saharan Africa,0.09382,2018
140,Lesotho,1.39174,0.47248,1.21495,0.42294,0.11560999999999999,141,3.8080000000000003,0.07898,Sub-Saharan Africa,0.1115,2018
141,Angola,1.53053,0.73016,1.1250200000000001,0.0,0.07887000000000001,142,3.795,0.26899,Sub-Saharan Africa,0.061279999999999994,2018
142,Madagascar,1.7776900000000002,0.26234,0.90766,0.22107,0.15457,143,3.7739999999999996,0.40176999999999996,Sub-Saharan Africa,0.048530000000000004,2018
143,Zimbabwe,1.35591,0.35728000000000004,1.0943100000000001,0.40598,0.13196,144,3.6919999999999997,0.24789,Sub-Saharan Africa,0.09894,2018
144,Afghanistan,2.19592,0.33181,0.53719,0.08455,0.191,145,3.6319999999999997,0.25477,Southern Asia,0.03627,2018
145,Botswana,0.29165,1.01657,1.17362,0.5568,0.04237,146,3.59,0.41657,Sub-Saharan Africa,0.09226000000000001,2018
146,Malawi,1.73237,0.18608,0.54142,0.53054,0.21031999999999998,147,3.5869999999999997,0.30579,Sub-Saharan Africa,0.08025,2018
147,Haiti,1.74365,0.31475,0.7136100000000001,0.02484,0.39234,148,3.582,0.2892,Latin America and Caribbean,0.10357000000000001,2018
148,Liberia,1.6401,0.07572999999999999,0.8584299999999999,0.41889,0.20561,149,3.495,0.2666,Sub-Saharan Africa,0.030019999999999998,2018
149,Syria,1.24414,0.6887800000000001,0.38164000000000003,0.08828,0.37590999999999997,150,3.4619999999999997,0.53885,Middle East and Northern Africa,0.14432,2018
150,Rwanda,0.49996,0.33233,0.89564,0.6359100000000001,0.19971,151,3.408,0.40005999999999997,Sub-Saharan Africa,0.44448999999999994,2018
151,Yemen,1.10647,0.44153000000000003,1.07261,0.24386999999999998,0.08309,152,3.355,0.34321999999999997,Middle East and Northern Africa,0.06415,2018
152,Tanzania,0.6280899999999999,0.45486000000000004,0.99113,0.48091999999999996,0.27004,153,3.303,0.3813,Sub-Saharan Africa,0.0972,2018
153,South Sudan,1.6906299999999999,0.33737,0.6075,0.1116,0.22393000000000002,154,3.2539999999999996,0.17745999999999998,Sub-Saharan Africa,0.10567,2018
154,Central African Republic,2.4870099999999997,0.02391,0.0,0.30528,0.21836,155,3.083,0.0101,Sub-Saharan Africa,0.03834,2018
155,Burundi,1.7517900000000002,0.09081,0.6269,0.06485,0.1489,156,2.905,0.14533,Sub-Saharan Africa,0.07595,2018
